name	count	error
2tkwO4CiXFMo7V	1	{"errors":["Count should not be less than 10","должно соответствовать шаблону \".*a.*\""]}
RFU7A5ILUSA0d5	2	{"errors":["должно соответствовать шаблону \".*a.*\"","Count should not be less than 10"]}
YcJNsxdRNcDB8k	3	{"errors":["должно соответствовать шаблону \".*a.*\"","Count should not be less than 10"]}
hMDFLRfrsn	4	{"errors":["Count should not be less than 10","должно соответствовать шаблону \".*a.*\""]}
Tl	5	{"errors":["Name must be more than 7 characters","Count should not be less than 10","должно соответствовать шаблону \".*a.*\""]}
LuK	6	{"errors":["Name must be more than 7 characters","Count should not be less than 10","должно соответствовать шаблону \".*a.*\""]}
gAWR4FfkaT0	7	{"errors":["Count should not be less than 10"]}
k0ob	8	{"errors":["Name must be more than 7 characters","должно соответствовать шаблону \".*a.*\"","Count should not be less than 10"]}
4xc	9	{"errors":["должно соответствовать шаблону \".*a.*\"","Count should not be less than 10","Name must be more than 7 characters"]}
Y8d43OhsPqSqz	10	{"errors":["должно соответствовать шаблону \".*a.*\""]}
N6p23U	12	{"errors":["Name must be more than 7 characters","должно соответствовать шаблону \".*a.*\""]}
MKI	13	{"errors":["Name must be more than 7 characters","должно соответствовать шаблону \".*a.*\""]}
qj8mPTprPO9l	14	{"errors":["должно соответствовать шаблону \".*a.*\""]}
RaBdEs	15	{"errors":["Name must be more than 7 characters"]}
0	16	{"errors":["должно соответствовать шаблону \".*a.*\"","Name must be more than 7 characters"]}
0V8kQCAt1CdW	17	{"errors":["должно соответствовать шаблону \".*a.*\""]}
PqyKnVTAMoI	18	{"errors":["должно соответствовать шаблону \".*a.*\""]}
BCvjhmlWJbgT	19	{"errors":["должно соответствовать шаблону \".*a.*\""]}
ZkO2v6ShvMQK	20	{"errors":["должно соответствовать шаблону \".*a.*\""]}
KVyqIXV2V	21	{"errors":["должно соответствовать шаблону \".*a.*\""]}
dnEJVizhThz5	22	{"errors":["должно соответствовать шаблону \".*a.*\""]}
KRkIDZTIpWVv	23	{"errors":["должно соответствовать шаблону \".*a.*\""]}
7rRFUX	24	{"errors":["должно соответствовать шаблону \".*a.*\"","Name must be more than 7 characters"]}
NGmX	25	{"errors":["должно соответствовать шаблону \".*a.*\"","Name must be more than 7 characters"]}
u	26	{"errors":["должно соответствовать шаблону \".*a.*\"","Name must be more than 7 characters"]}
hydK	30	{"errors":["Name must be more than 7 characters","должно соответствовать шаблону \".*a.*\""]}
ZXUB3Hu	31	{"errors":["должно соответствовать шаблону \".*a.*\""]}
PGROiS	32	{"errors":["Name must be more than 7 characters","должно соответствовать шаблону \".*a.*\""]}
04	33	{"errors":["должно соответствовать шаблону \".*a.*\"","Name must be more than 7 characters"]}
u6GzXUMrq	35	{"errors":["должно соответствовать шаблону \".*a.*\""]}
Kk1IlXLo73	36	{"errors":["должно соответствовать шаблону \".*a.*\""]}
ZrHboFPWlWPDUe	37	{"errors":["должно соответствовать шаблону \".*a.*\""]}
GkDHs0	38	{"errors":["должно соответствовать шаблону \".*a.*\"","Name must be more than 7 characters"]}
B6vqypjqXzgmq37	39	{"errors":["должно соответствовать шаблону \".*a.*\""]}
iBxtLDiO2RS0Z	40	{"errors":["должно соответствовать шаблону \".*a.*\""]}
vk49Is9tNXP	41	{"errors":["должно соответствовать шаблону \".*a.*\""]}
XqLMp0HrxcTb3	43	{"errors":["должно соответствовать шаблону \".*a.*\""]}
9RkH6jV3Nykn5J	44	{"errors":["должно соответствовать шаблону \".*a.*\""]}
cD5	45	{"errors":["Name must be more than 7 characters","должно соответствовать шаблону \".*a.*\""]}
cLpUNOD	46	{"errors":["должно соответствовать шаблону \".*a.*\""]}
Jkg4eXw	48	{"errors":["должно соответствовать шаблону \".*a.*\""]}
bktSTNPr	49	{"errors":["должно соответствовать шаблону \".*a.*\""]}
0	50	{"errors":["должно соответствовать шаблону \".*a.*\"","Name must be more than 7 characters"]}
NogIj1ZuviWke	51	{"errors":["должно соответствовать шаблону \".*a.*\""]}
8dnfYWUDIvywp3	52	{"errors":["должно соответствовать шаблону \".*a.*\""]}
yw0Kh9Pi	53	{"errors":["должно соответствовать шаблону \".*a.*\""]}
8oC5Rjhu	54	{"errors":["должно соответствовать шаблону \".*a.*\""]}
r3x5	55	{"errors":["должно соответствовать шаблону \".*a.*\"","Name must be more than 7 characters"]}
J5OGHdh4z	59	{"errors":["должно соответствовать шаблону \".*a.*\""]}
Yx	60	{"errors":["Name must be more than 7 characters","должно соответствовать шаблону \".*a.*\""]}
IFhUlD	62	{"errors":["Name must be more than 7 characters","должно соответствовать шаблону \".*a.*\""]}
sRDqmo7eUuSZrJv	64	{"errors":["должно соответствовать шаблону \".*a.*\""]}
zWLd	65	{"errors":["Name must be more than 7 characters","должно соответствовать шаблону \".*a.*\""]}
xj	66	{"errors":["Name must be more than 7 characters","должно соответствовать шаблону \".*a.*\""]}
UEm	67	{"errors":["Name must be more than 7 characters","должно соответствовать шаблону \".*a.*\""]}
mOV9ooQ	68	{"errors":["должно соответствовать шаблону \".*a.*\""]}
plyNHPK3w0YN	69	{"errors":["должно соответствовать шаблону \".*a.*\""]}
IvxyZW3j0zPCn	70	{"errors":["должно соответствовать шаблону \".*a.*\""]}
LyKPxkEAeZxQzVF	71	{"errors":["должно соответствовать шаблону \".*a.*\""]}
HQezse	72	{"errors":["должно соответствовать шаблону \".*a.*\"","Name must be more than 7 characters"]}
OFJe	73	{"errors":["должно соответствовать шаблону \".*a.*\"","Name must be more than 7 characters"]}
aOIL	74	{"errors":["Name must be more than 7 characters"]}
2	75	{"errors":["Name must be more than 7 characters","должно соответствовать шаблону \".*a.*\""]}
ym9TDml	76	{"errors":["должно соответствовать шаблону \".*a.*\""]}
ZHYk	77	{"errors":["Name must be more than 7 characters","должно соответствовать шаблону \".*a.*\""]}
NggXK0L4s1Fkd	78	{"errors":["должно соответствовать шаблону \".*a.*\""]}
U4I4z6Z4	79	{"errors":["должно соответствовать шаблону \".*a.*\""]}
R5W6nGUmR	80	{"errors":["должно соответствовать шаблону \".*a.*\""]}
JlRG	81	{"errors":["Name must be more than 7 characters","должно соответствовать шаблону \".*a.*\""]}
los1s	83	{"errors":["должно соответствовать шаблону \".*a.*\"","Name must be more than 7 characters"]}
nEZCSHs	84	{"errors":["должно соответствовать шаблону \".*a.*\""]}
mJ	85	{"errors":["Name must be more than 7 characters","должно соответствовать шаблону \".*a.*\""]}
QOGrI	86	{"errors":["должно соответствовать шаблону \".*a.*\"","Name must be more than 7 characters"]}
sK29SLDTS1k	87	{"errors":["должно соответствовать шаблону \".*a.*\""]}
HeJ	88	{"errors":["Name must be more than 7 characters","должно соответствовать шаблону \".*a.*\""]}
h5Y42yQOYzpq	89	{"errors":["должно соответствовать шаблону \".*a.*\""]}
wcALx3RA	90	{"errors":["должно соответствовать шаблону \".*a.*\""]}
h	91	{"errors":["должно соответствовать шаблону \".*a.*\"","Name must be more than 7 characters"]}
9	92	{"errors":["должно соответствовать шаблону \".*a.*\"","Name must be more than 7 characters"]}
F	93	{"errors":["должно соответствовать шаблону \".*a.*\"","Name must be more than 7 characters"]}
GrUc9	94	{"errors":["должно соответствовать шаблону \".*a.*\"","Name must be more than 7 characters"]}
kxWQ6JWPIpRI	95	{"errors":["должно соответствовать шаблону \".*a.*\""]}
9l1YssSmBF2J	96	{"errors":["должно соответствовать шаблону \".*a.*\""]}
pYVJ	98	{"errors":["Name must be more than 7 characters","должно соответствовать шаблону \".*a.*\""]}
pKf	99	{"errors":["должно соответствовать шаблону \".*a.*\"","Name must be more than 7 characters"]}
uRkbAJtIXWMK14	100	{"errors":["должно соответствовать шаблону \".*a.*\""]}
VxiyYcgK8RAj	101	{"errors":["должно соответствовать шаблону \".*a.*\""]}
I5Dkxus	102	{"errors":["должно соответствовать шаблону \".*a.*\""]}
uk	103	{"errors":["должно соответствовать шаблону \".*a.*\"","Name must be more than 7 characters"]}
vUsw	104	{"errors":["Name must be more than 7 characters","должно соответствовать шаблону \".*a.*\""]}
B	105	{"errors":["Name must be more than 7 characters","должно соответствовать шаблону \".*a.*\""]}
2tN	106	{"errors":["Name must be more than 7 characters","должно соответствовать шаблону \".*a.*\""]}
u0rRtKXAey	107	{"errors":["должно соответствовать шаблону \".*a.*\""]}
4zSy2ud	108	{"errors":["должно соответствовать шаблону \".*a.*\""]}
POsXs	109	{"errors":["должно соответствовать шаблону \".*a.*\"","Name must be more than 7 characters"]}
jw6k6TEAcB19VIH	110	{"errors":["должно соответствовать шаблону \".*a.*\""]}
MIjU	111	{"errors":["Name must be more than 7 characters","должно соответствовать шаблону \".*a.*\""]}
TrWp8jw	113	{"errors":["должно соответствовать шаблону \".*a.*\""]}
y52Tm2jnMvo3dv	114	{"errors":["должно соответствовать шаблону \".*a.*\""]}
vxeNOOMQI4Y	115	{"errors":["должно соответствовать шаблону \".*a.*\""]}
nqMXo4	117	{"errors":["Name must be more than 7 characters","должно соответствовать шаблону \".*a.*\""]}
H99ZGDGrfH7dRn	118	{"errors":["должно соответствовать шаблону \".*a.*\""]}
6eFcPvO	119	{"errors":["должно соответствовать шаблону \".*a.*\""]}
gw7pTqse	120	{"errors":["должно соответствовать шаблону \".*a.*\""]}
P	122	{"errors":["должно соответствовать шаблону \".*a.*\"","Name must be more than 7 characters"]}
N	124	{"errors":["Name must be more than 7 characters","должно соответствовать шаблону \".*a.*\""]}
URwTkmZ2KmFb5	125	{"errors":["должно соответствовать шаблону \".*a.*\""]}
zH5lbg4iWNO27	126	{"errors":["должно соответствовать шаблону \".*a.*\""]}
VNRF2lx	127	{"errors":["должно соответствовать шаблону \".*a.*\""]}
D	128	{"errors":["Name must be more than 7 characters","должно соответствовать шаблону \".*a.*\""]}
ceMkisEW1K	129	{"errors":["должно соответствовать шаблону \".*a.*\""]}
v7LAt8B8mzZ	130	{"errors":["должно соответствовать шаблону \".*a.*\""]}
xxyx4ZnmLrW	132	{"errors":["должно соответствовать шаблону \".*a.*\""]}
m	133	{"errors":["должно соответствовать шаблону \".*a.*\"","Name must be more than 7 characters"]}
GR7	134	{"errors":["должно соответствовать шаблону \".*a.*\"","Name must be more than 7 characters"]}
7Ru3PG3iA964K	135	{"errors":["должно соответствовать шаблону \".*a.*\""]}
sjdHNnCx	136	{"errors":["должно соответствовать шаблону \".*a.*\""]}
FP	137	{"errors":["Name must be more than 7 characters","должно соответствовать шаблону \".*a.*\""]}
cqoYK	138	{"errors":["должно соответствовать шаблону \".*a.*\"","Name must be more than 7 characters"]}
M5wPWeQ24li	139	{"errors":["должно соответствовать шаблону \".*a.*\""]}
C	140	{"errors":["Name must be more than 7 characters","должно соответствовать шаблону \".*a.*\""]}
ffABfBA7onP7rH	141	{"errors":["должно соответствовать шаблону \".*a.*\""]}
jHcXzT	142	{"errors":["должно соответствовать шаблону \".*a.*\"","Name must be more than 7 characters"]}
5sOkB	143	{"errors":["Name must be more than 7 characters","должно соответствовать шаблону \".*a.*\""]}
dxj4B8	144	{"errors":["должно соответствовать шаблону \".*a.*\"","Name must be more than 7 characters"]}
djp3feP2c	145	{"errors":["должно соответствовать шаблону \".*a.*\""]}
7aah0	146	{"errors":["Name must be more than 7 characters"]}
6cxcTjz43Wk8c	147	{"errors":["должно соответствовать шаблону \".*a.*\""]}
B6bNFT4O	148	{"errors":["должно соответствовать шаблону \".*a.*\""]}
iq0Nj2Nhi3M4U	149	{"errors":["должно соответствовать шаблону \".*a.*\""]}
ILd9lkzirODHr4A	151	{"errors":["должно соответствовать шаблону \".*a.*\""]}
eepkL93bD	152	{"errors":["должно соответствовать шаблону \".*a.*\""]}
tF	154	{"errors":["Name must be more than 7 characters","должно соответствовать шаблону \".*a.*\""]}
6wYFziPi3	155	{"errors":["должно соответствовать шаблону \".*a.*\""]}
P	156	{"errors":["должно соответствовать шаблону \".*a.*\"","Name must be more than 7 characters"]}
66WsDGV5qMo6VrV	157	{"errors":["должно соответствовать шаблону \".*a.*\""]}
oqZZAlL	158	{"errors":["должно соответствовать шаблону \".*a.*\""]}
1APDXy	160	{"errors":["Name must be more than 7 characters","должно соответствовать шаблону \".*a.*\""]}
wh3wQ7CG	161	{"errors":["должно соответствовать шаблону \".*a.*\""]}
0Bu4JoI	162	{"errors":["должно соответствовать шаблону \".*a.*\""]}
8RQIam	163	{"errors":["Name must be more than 7 characters"]}
wiE46Ikmjc5	164	{"errors":["должно соответствовать шаблону \".*a.*\""]}
mY5	165	{"errors":["Name must be more than 7 characters","должно соответствовать шаблону \".*a.*\""]}
eLqYv3l2mFEnDf	166	{"errors":["должно соответствовать шаблону \".*a.*\""]}
RJtVGvH1pYUiMB	167	{"errors":["должно соответствовать шаблону \".*a.*\""]}
RL35ps	169	{"errors":["Name must be more than 7 characters","должно соответствовать шаблону \".*a.*\""]}
I	170	{"errors":["Name must be more than 7 characters","должно соответствовать шаблону \".*a.*\""]}
6gfKjZ	172	{"errors":["Name must be more than 7 characters","должно соответствовать шаблону \".*a.*\""]}
Z4UR17	173	{"errors":["должно соответствовать шаблону \".*a.*\"","Name must be more than 7 characters"]}
XTAi4U	174	{"errors":["должно соответствовать шаблону \".*a.*\"","Name must be more than 7 characters"]}
icj2bGvdwYUH	175	{"errors":["должно соответствовать шаблону \".*a.*\""]}
OuFJXyGnM2	176	{"errors":["должно соответствовать шаблону \".*a.*\""]}
MCU	177	{"errors":["должно соответствовать шаблону \".*a.*\"","Name must be more than 7 characters"]}
iUCXYfbf	178	{"errors":["должно соответствовать шаблону \".*a.*\""]}
Qi5emx4lyil9	179	{"errors":["должно соответствовать шаблону \".*a.*\""]}
PCXq	180	{"errors":["Name must be more than 7 characters","должно соответствовать шаблону \".*a.*\""]}
RoV2dx7nmlPZ	181	{"errors":["должно соответствовать шаблону \".*a.*\""]}
WNZ0VTZ4DnAqC	183	{"errors":["должно соответствовать шаблону \".*a.*\""]}
VmNq6	184	{"errors":["Name must be more than 7 characters","должно соответствовать шаблону \".*a.*\""]}
mz3Ld7v	185	{"errors":["должно соответствовать шаблону \".*a.*\""]}
LJGeXh	186	{"errors":["Name must be more than 7 characters","должно соответствовать шаблону \".*a.*\""]}
2KKQn	187	{"errors":["Name must be more than 7 characters","должно соответствовать шаблону \".*a.*\""]}
7C4	188	{"errors":["Name must be more than 7 characters","должно соответствовать шаблону \".*a.*\""]}
E3TlWg	189	{"errors":["Name must be more than 7 characters","должно соответствовать шаблону \".*a.*\""]}
Ik0Xu4dI	190	{"errors":["должно соответствовать шаблону \".*a.*\""]}
Iu8b	191	{"errors":["должно соответствовать шаблону \".*a.*\"","Name must be more than 7 characters"]}
PBLug	192	{"errors":["Name must be more than 7 characters","должно соответствовать шаблону \".*a.*\""]}
z0	194	{"errors":["Name must be more than 7 characters","должно соответствовать шаблону \".*a.*\""]}
ltthd8RPYZDT	195	{"errors":["должно соответствовать шаблону \".*a.*\""]}
1LFEQ	196	{"errors":["должно соответствовать шаблону \".*a.*\"","Name must be more than 7 characters"]}
bxCUjIcFKtpcWq	197	{"errors":["должно соответствовать шаблону \".*a.*\""]}
WUKo9OMPZd	198	{"errors":["должно соответствовать шаблону \".*a.*\""]}
HUcSfD2RHh5lb	199	{"errors":["должно соответствовать шаблону \".*a.*\""]}
jiohPxSxrfd0ApB	200	{"errors":["должно соответствовать шаблону \".*a.*\""]}
VYI2zP0lckpS	201	{"errors":["должно соответствовать шаблону \".*a.*\""]}
n	204	{"errors":["Name must be more than 7 characters","должно соответствовать шаблону \".*a.*\""]}
ONRKbj5kygt	205	{"errors":["должно соответствовать шаблону \".*a.*\""]}
Js	206	{"errors":["Name must be more than 7 characters","должно соответствовать шаблону \".*a.*\""]}
LWe2At7feYnf4N	207	{"errors":["должно соответствовать шаблону \".*a.*\""]}
L	208	{"errors":["Name must be more than 7 characters","должно соответствовать шаблону \".*a.*\""]}
0yEZbJP9wpYkP	210	{"errors":["должно соответствовать шаблону \".*a.*\""]}
3AJjAg3c	211	{"errors":["должно соответствовать шаблону \".*a.*\""]}
AVACWtC0TqG	212	{"errors":["должно соответствовать шаблону \".*a.*\""]}
VXqB8p485t	213	{"errors":["должно соответствовать шаблону \".*a.*\""]}
FR	214	{"errors":["Name must be more than 7 characters","должно соответствовать шаблону \".*a.*\""]}
lDnOj	215	{"errors":["Name must be more than 7 characters","должно соответствовать шаблону \".*a.*\""]}
ZGkAP4cNmWPQ	216	{"errors":["должно соответствовать шаблону \".*a.*\""]}
ZXtiEPl1z	217	{"errors":["должно соответствовать шаблону \".*a.*\""]}
hlX3q49Kb	218	{"errors":["должно соответствовать шаблону \".*a.*\""]}
iKqur7KW	219	{"errors":["должно соответствовать шаблону \".*a.*\""]}
K	220	{"errors":["должно соответствовать шаблону \".*a.*\"","Name must be more than 7 characters"]}
kb5NSObt7A	221	{"errors":["должно соответствовать шаблону \".*a.*\""]}
P9orc8	222	{"errors":["должно соответствовать шаблону \".*a.*\"","Name must be more than 7 characters"]}
WA0JHJjL	223	{"errors":["должно соответствовать шаблону \".*a.*\""]}
25GK9KUIo	224	{"errors":["должно соответствовать шаблону \".*a.*\""]}
ZgsoRl09GDvd	226	{"errors":["должно соответствовать шаблону \".*a.*\""]}
LL22RB80DqeQq	228	{"errors":["должно соответствовать шаблону \".*a.*\""]}
42NyFDdb	229	{"errors":["должно соответствовать шаблону \".*a.*\""]}
S9M5x9jUumkCk	230	{"errors":["должно соответствовать шаблону \".*a.*\""]}
Jof028CKJjg1po	231	{"errors":["должно соответствовать шаблону \".*a.*\""]}
oD0B3qF6RgDVkhG	232	{"errors":["должно соответствовать шаблону \".*a.*\""]}
y4mHYrTz	233	{"errors":["должно соответствовать шаблону \".*a.*\""]}
CK6YTBfqzAi	234	{"errors":["должно соответствовать шаблону \".*a.*\""]}
r3PC3Rrdm02jGL	235	{"errors":["должно соответствовать шаблону \".*a.*\""]}
7v3N	236	{"errors":["должно соответствовать шаблону \".*a.*\"","Name must be more than 7 characters"]}
FpHJ2BgRKqBIvg	237	{"errors":["должно соответствовать шаблону \".*a.*\""]}
fGgic8	239	{"errors":["должно соответствовать шаблону \".*a.*\"","Name must be more than 7 characters"]}
xtI	240	{"errors":["должно соответствовать шаблону \".*a.*\"","Name must be more than 7 characters"]}
Xqi5qUh2	241	{"errors":["должно соответствовать шаблону \".*a.*\""]}
B	242	{"errors":["должно соответствовать шаблону \".*a.*\"","Name must be more than 7 characters"]}
gKsbqu	243	{"errors":["должно соответствовать шаблону \".*a.*\"","Name must be more than 7 characters"]}
cGsPIa	244	{"errors":["Name must be more than 7 characters"]}
Kj	245	{"errors":["Name must be more than 7 characters","должно соответствовать шаблону \".*a.*\""]}
pCwb	247	{"errors":["должно соответствовать шаблону \".*a.*\"","Name must be more than 7 characters"]}
YE	248	{"errors":["Name must be more than 7 characters","должно соответствовать шаблону \".*a.*\""]}
Vo	249	{"errors":["Name must be more than 7 characters","должно соответствовать шаблону \".*a.*\""]}
lx6CWPQgO1LdHtd	250	{"errors":["должно соответствовать шаблону \".*a.*\""]}
Ae16E4QUg	251	{"errors":["должно соответствовать шаблону \".*a.*\""]}
pWhjjf	252	{"errors":["Name must be more than 7 characters","должно соответствовать шаблону \".*a.*\""]}
zeKMuK	253	{"errors":["должно соответствовать шаблону \".*a.*\"","Name must be more than 7 characters"]}
xNgiih	254	{"errors":["Name must be more than 7 characters","должно соответствовать шаблону \".*a.*\""]}
WqxWB6FQh3drKIc	255	{"errors":["должно соответствовать шаблону \".*a.*\""]}
pRXv	256	{"errors":["Name must be more than 7 characters","должно соответствовать шаблону \".*a.*\""]}
Tc4ds6Etwbtk	257	{"errors":["должно соответствовать шаблону \".*a.*\""]}
A	258	{"errors":["должно соответствовать шаблону \".*a.*\"","Name must be more than 7 characters"]}
qDEQytplTP	259	{"errors":["должно соответствовать шаблону \".*a.*\""]}
nZDtjEtCErIWb	260	{"errors":["должно соответствовать шаблону \".*a.*\""]}
JAnaF	261	{"errors":["Name must be more than 7 characters"]}
0Qg	262	{"errors":["Name must be more than 7 characters","должно соответствовать шаблону \".*a.*\""]}
tGw	263	{"errors":["Name must be more than 7 characters","должно соответствовать шаблону \".*a.*\""]}
UkIlBZIKD	264	{"errors":["должно соответствовать шаблону \".*a.*\""]}
3S1JMwTPOuXm7C	265	{"errors":["должно соответствовать шаблону \".*a.*\""]}
xSm	266	{"errors":["должно соответствовать шаблону \".*a.*\"","Name must be more than 7 characters"]}
RpwC7mo7keQI	267	{"errors":["должно соответствовать шаблону \".*a.*\""]}
MPlu5Hlic8ZsF	268	{"errors":["должно соответствовать шаблону \".*a.*\""]}
h	269	{"errors":["Name must be more than 7 characters","должно соответствовать шаблону \".*a.*\""]}
Wnmrb3FjQC59	270	{"errors":["должно соответствовать шаблону \".*a.*\""]}
t3ED5IG	271	{"errors":["должно соответствовать шаблону \".*a.*\""]}
sL73qXsolbACo	272	{"errors":["должно соответствовать шаблону \".*a.*\""]}
FdD	274	{"errors":["Name must be more than 7 characters","должно соответствовать шаблону \".*a.*\""]}
pxBKPbbxyZNj	275	{"errors":["должно соответствовать шаблону \".*a.*\""]}
PA	276	{"errors":["должно соответствовать шаблону \".*a.*\"","Name must be more than 7 characters"]}
C	277	{"errors":["Name must be more than 7 characters","должно соответствовать шаблону \".*a.*\""]}
p0	279	{"errors":["должно соответствовать шаблону \".*a.*\"","Name must be more than 7 characters"]}
ESoZvGWxf16CIr	280	{"errors":["должно соответствовать шаблону \".*a.*\""]}
p	281	{"errors":["Name must be more than 7 characters","должно соответствовать шаблону \".*a.*\""]}
SShiTm07A	282	{"errors":["должно соответствовать шаблону \".*a.*\""]}
KA5Xlsnsuq7nRRo	283	{"errors":["должно соответствовать шаблону \".*a.*\""]}
GbIcYHMUjq	284	{"errors":["должно соответствовать шаблону \".*a.*\""]}
sCp2	285	{"errors":["Name must be more than 7 characters","должно соответствовать шаблону \".*a.*\""]}
8CxPlAXyxjHH	286	{"errors":["должно соответствовать шаблону \".*a.*\""]}
IOw9STtGZU	287	{"errors":["должно соответствовать шаблону \".*a.*\""]}
WfbvPr1qe	288	{"errors":["должно соответствовать шаблону \".*a.*\""]}
VMMXI	289	{"errors":["должно соответствовать шаблону \".*a.*\"","Name must be more than 7 characters"]}
2	290	{"errors":["Name must be more than 7 characters","должно соответствовать шаблону \".*a.*\""]}
5gQToyS5	291	{"errors":["должно соответствовать шаблону \".*a.*\""]}
fhriqNbqYud	292	{"errors":["должно соответствовать шаблону \".*a.*\""]}
PSomlIgxEhIIG	293	{"errors":["должно соответствовать шаблону \".*a.*\""]}
cqLJ	294	{"errors":["должно соответствовать шаблону \".*a.*\"","Name must be more than 7 characters"]}
u	295	{"errors":["Name must be more than 7 characters","должно соответствовать шаблону \".*a.*\""]}
7Ue06yP	296	{"errors":["должно соответствовать шаблону \".*a.*\""]}
8O	297	{"errors":["Name must be more than 7 characters","должно соответствовать шаблону \".*a.*\""]}
oJRS	298	{"errors":["Name must be more than 7 characters","должно соответствовать шаблону \".*a.*\""]}
TS109VjqQN	299	{"errors":["должно соответствовать шаблону \".*a.*\""]}
Y	300	{"errors":["Name must be more than 7 characters","должно соответствовать шаблону \".*a.*\""]}
J1cYM	301	{"errors":["должно соответствовать шаблону \".*a.*\"","Name must be more than 7 characters"]}
owtY	302	{"errors":["должно соответствовать шаблону \".*a.*\"","Name must be more than 7 characters"]}
WHs5r5F0m9U	303	{"errors":["должно соответствовать шаблону \".*a.*\""]}
FIVOlXm7PE	304	{"errors":["должно соответствовать шаблону \".*a.*\""]}
2mG3	305	{"errors":["Name must be more than 7 characters","должно соответствовать шаблону \".*a.*\""]}
yYB3yu9H2vtKQb	306	{"errors":["должно соответствовать шаблону \".*a.*\""]}
E8C	307	{"errors":["должно соответствовать шаблону \".*a.*\"","Name must be more than 7 characters"]}
5HHx	309	{"errors":["должно соответствовать шаблону \".*a.*\"","Name must be more than 7 characters"]}
D9VVCUzfiFqhB	310	{"errors":["должно соответствовать шаблону \".*a.*\""]}
qoA4	311	{"errors":["должно соответствовать шаблону \".*a.*\"","Name must be more than 7 characters"]}
cZPeMvp0K3diWAs	312	{"errors":["должно соответствовать шаблону \".*a.*\""]}
qY1tsvckkPPU	313	{"errors":["должно соответствовать шаблону \".*a.*\""]}
R0FQ1H	314	{"errors":["Name must be more than 7 characters","должно соответствовать шаблону \".*a.*\""]}
8iXr	316	{"errors":["должно соответствовать шаблону \".*a.*\"","Name must be more than 7 characters"]}
yPPnyW0YMcukJyN	317	{"errors":["должно соответствовать шаблону \".*a.*\""]}
CqJ	318	{"errors":["Name must be more than 7 characters","должно соответствовать шаблону \".*a.*\""]}
TWA6V	319	{"errors":["должно соответствовать шаблону \".*a.*\"","Name must be more than 7 characters"]}
Zml31XOxVfy	320	{"errors":["должно соответствовать шаблону \".*a.*\""]}
up7qeDIy0qyKrk	321	{"errors":["должно соответствовать шаблону \".*a.*\""]}
ZPmAUt2BDG3sn	322	{"errors":["должно соответствовать шаблону \".*a.*\""]}
O0WQ17KWADtZcM	323	{"errors":["должно соответствовать шаблону \".*a.*\""]}
1RU7x1g	324	{"errors":["должно соответствовать шаблону \".*a.*\""]}
LUAB	325	{"errors":["Name must be more than 7 characters","должно соответствовать шаблону \".*a.*\""]}
meDXxN	326	{"errors":["должно соответствовать шаблону \".*a.*\"","Name must be more than 7 characters"]}
9rJe7Rg22y8L	327	{"errors":["должно соответствовать шаблону \".*a.*\""]}
GZ8	328	{"errors":["Name must be more than 7 characters","должно соответствовать шаблону \".*a.*\""]}
kIuTn04CNPjl0g	329	{"errors":["должно соответствовать шаблону \".*a.*\""]}
Z0qN51F24quHl	332	{"errors":["должно соответствовать шаблону \".*a.*\""]}
7Sm	333	{"errors":["Name must be more than 7 characters","должно соответствовать шаблону \".*a.*\""]}
vg6jlYTZ0mG	334	{"errors":["должно соответствовать шаблону \".*a.*\""]}
XAmPmv	335	{"errors":["должно соответствовать шаблону \".*a.*\"","Name must be more than 7 characters"]}
jJrL1vTPXL4fE8	336	{"errors":["должно соответствовать шаблону \".*a.*\""]}
ulq45pls	337	{"errors":["должно соответствовать шаблону \".*a.*\""]}
Lvsb0Bu	338	{"errors":["должно соответствовать шаблону \".*a.*\""]}
Dfd7VsYnsKpL	339	{"errors":["должно соответствовать шаблону \".*a.*\""]}
vb	340	{"errors":["Name must be more than 7 characters","должно соответствовать шаблону \".*a.*\""]}
shLYFG1	341	{"errors":["должно соответствовать шаблону \".*a.*\""]}
qx6s4qIQ	342	{"errors":["должно соответствовать шаблону \".*a.*\""]}
sMkPSmSG	343	{"errors":["должно соответствовать шаблону \".*a.*\""]}
gPs	345	{"errors":["Name must be more than 7 characters","должно соответствовать шаблону \".*a.*\""]}
HJqjKg	346	{"errors":["должно соответствовать шаблону \".*a.*\"","Name must be more than 7 characters"]}
tTZNrSB0ZeAI3s	347	{"errors":["должно соответствовать шаблону \".*a.*\""]}
DwgRko5Vm2iTYl	348	{"errors":["должно соответствовать шаблону \".*a.*\""]}
iAlI	349	{"errors":["должно соответствовать шаблону \".*a.*\"","Name must be more than 7 characters"]}
5IT	350	{"errors":["должно соответствовать шаблону \".*a.*\"","Name must be more than 7 characters"]}
0m8U7BCXoRAk8Rn	351	{"errors":["должно соответствовать шаблону \".*a.*\""]}
Az2SUAeSxVxuVJC	352	{"errors":["должно соответствовать шаблону \".*a.*\""]}
8QxyFoZ	353	{"errors":["должно соответствовать шаблону \".*a.*\""]}
avO	354	{"errors":["Name must be more than 7 characters"]}
Iq5E	355	{"errors":["Name must be more than 7 characters","должно соответствовать шаблону \".*a.*\""]}
NYmpBzFMx	356	{"errors":["должно соответствовать шаблону \".*a.*\""]}
zD	357	{"errors":["должно соответствовать шаблону \".*a.*\"","Name must be more than 7 characters"]}
gOY0uCUH	358	{"errors":["должно соответствовать шаблону \".*a.*\""]}
WECCnIN	359	{"errors":["должно соответствовать шаблону \".*a.*\""]}
tERGWdWOzLErL	360	{"errors":["должно соответствовать шаблону \".*a.*\""]}
jCWdWIMAhTR	361	{"errors":["должно соответствовать шаблону \".*a.*\""]}
LtC	362	{"errors":["Name must be more than 7 characters","должно соответствовать шаблону \".*a.*\""]}
Tns	363	{"errors":["Name must be more than 7 characters","должно соответствовать шаблону \".*a.*\""]}
zwwd	364	{"errors":["Name must be more than 7 characters","должно соответствовать шаблону \".*a.*\""]}
3RqHRTrb	366	{"errors":["должно соответствовать шаблону \".*a.*\""]}
OhRy5ry9wND	368	{"errors":["должно соответствовать шаблону \".*a.*\""]}
mx8JxM	369	{"errors":["должно соответствовать шаблону \".*a.*\"","Name must be more than 7 characters"]}
WpmfSSWQeedDQpN	370	{"errors":["должно соответствовать шаблону \".*a.*\""]}
ifQLhs	371	{"errors":["должно соответствовать шаблону \".*a.*\"","Name must be more than 7 characters"]}
5ghgogKvW5uq	372	{"errors":["должно соответствовать шаблону \".*a.*\""]}
cYIhcvxchkh5K	373	{"errors":["должно соответствовать шаблону \".*a.*\""]}
l3qvQA1morkXJ	374	{"errors":["должно соответствовать шаблону \".*a.*\""]}
CEq0B0uHA	375	{"errors":["должно соответствовать шаблону \".*a.*\""]}
5KsiF5z	376	{"errors":["должно соответствовать шаблону \".*a.*\""]}
i	377	{"errors":["Name must be more than 7 characters","должно соответствовать шаблону \".*a.*\""]}
G3uyCNg0	379	{"errors":["должно соответствовать шаблону \".*a.*\""]}
3lLYFrgTS4C	381	{"errors":["должно соответствовать шаблону \".*a.*\""]}
tAZHl11J4K6LQ	382	{"errors":["должно соответствовать шаблону \".*a.*\""]}
NDb	385	{"errors":["должно соответствовать шаблону \".*a.*\"","Name must be more than 7 characters"]}
4eJvxtS2R827	386	{"errors":["должно соответствовать шаблону \".*a.*\""]}
I4V98s	387	{"errors":["должно соответствовать шаблону \".*a.*\"","Name must be more than 7 characters"]}
Qm	389	{"errors":["должно соответствовать шаблону \".*a.*\"","Name must be more than 7 characters"]}
lZYx8FDg2h86	390	{"errors":["должно соответствовать шаблону \".*a.*\""]}
MwhzBGwA	392	{"errors":["должно соответствовать шаблону \".*a.*\""]}
kXIGDuOgZ	393	{"errors":["должно соответствовать шаблону \".*a.*\""]}
UJZAXTA4c	394	{"errors":["должно соответствовать шаблону \".*a.*\""]}
uo	395	{"errors":["Name must be more than 7 characters","должно соответствовать шаблону \".*a.*\""]}
0RCosno3IkRtKy	396	{"errors":["должно соответствовать шаблону \".*a.*\""]}
cwwr	397	{"errors":["Name must be more than 7 characters","должно соответствовать шаблону \".*a.*\""]}
FhPiTT1MH1	398	{"errors":["должно соответствовать шаблону \".*a.*\""]}
u0ySqIYZGrAQWv	399	{"errors":["должно соответствовать шаблону \".*a.*\""]}
rJXQSg0PD	400	{"errors":["должно соответствовать шаблону \".*a.*\""]}
Z	401	{"errors":["Name must be more than 7 characters","должно соответствовать шаблону \".*a.*\""]}
XeT4P	402	{"errors":["Name must be more than 7 characters","должно соответствовать шаблону \".*a.*\""]}
rbTYS9uWcb29p	403	{"errors":["должно соответствовать шаблону \".*a.*\""]}
jAZw	404	{"errors":["Name must be more than 7 characters","должно соответствовать шаблону \".*a.*\""]}
S13D7Rd	405	{"errors":["должно соответствовать шаблону \".*a.*\""]}
z8uWJTwjUtAKW	407	{"errors":["должно соответствовать шаблону \".*a.*\""]}
Z	408	{"errors":["Name must be more than 7 characters","должно соответствовать шаблону \".*a.*\""]}
dzbn	409	{"errors":["должно соответствовать шаблону \".*a.*\"","Name must be more than 7 characters"]}
SMQyQeSFLHZudp	410	{"errors":["должно соответствовать шаблону \".*a.*\""]}
deYpZrXwXXCqK	411	{"errors":["должно соответствовать шаблону \".*a.*\""]}
hE481F	412	{"errors":["Name must be more than 7 characters","должно соответствовать шаблону \".*a.*\""]}
oiIBwR2	413	{"errors":["должно соответствовать шаблону \".*a.*\""]}
xyz3Qb8L9yPH6B	414	{"errors":["должно соответствовать шаблону \".*a.*\""]}
Ci1	415	{"errors":["Name must be more than 7 characters","должно соответствовать шаблону \".*a.*\""]}
KCM3eLKtN7J	417	{"errors":["должно соответствовать шаблону \".*a.*\""]}
RfdqTlypF	420	{"errors":["должно соответствовать шаблону \".*a.*\""]}
e1DQ	421	{"errors":["Name must be more than 7 characters","должно соответствовать шаблону \".*a.*\""]}
lmMef	422	{"errors":["Name must be more than 7 characters","должно соответствовать шаблону \".*a.*\""]}
9Hds	423	{"errors":["Name must be more than 7 characters","должно соответствовать шаблону \".*a.*\""]}
rK2khnb3wZrM	424	{"errors":["должно соответствовать шаблону \".*a.*\""]}
c	425	{"errors":["Name must be more than 7 characters","должно соответствовать шаблону \".*a.*\""]}
EvVCm	426	{"errors":["должно соответствовать шаблону \".*a.*\"","Name must be more than 7 characters"]}
U1XyUY	427	{"errors":["Name must be more than 7 characters","должно соответствовать шаблону \".*a.*\""]}
EQw	428	{"errors":["должно соответствовать шаблону \".*a.*\"","Name must be more than 7 characters"]}
y	429	{"errors":["должно соответствовать шаблону \".*a.*\"","Name must be more than 7 characters"]}
5	432	{"errors":["Name must be more than 7 characters","должно соответствовать шаблону \".*a.*\""]}
h4B7vD2T712	433	{"errors":["должно соответствовать шаблону \".*a.*\""]}
ub8pJHw8IpH8	434	{"errors":["должно соответствовать шаблону \".*a.*\""]}
9btkhm0rr	435	{"errors":["должно соответствовать шаблону \".*a.*\""]}
jSQ2YRHI	436	{"errors":["должно соответствовать шаблону \".*a.*\""]}
2sOQ	437	{"errors":["Name must be more than 7 characters","должно соответствовать шаблону \".*a.*\""]}
g	438	{"errors":["должно соответствовать шаблону \".*a.*\"","Name must be more than 7 characters"]}
JflRjHk31bWKU	439	{"errors":["должно соответствовать шаблону \".*a.*\""]}
SJuzoHlFj	440	{"errors":["должно соответствовать шаблону \".*a.*\""]}
vLho0PN3LXR	441	{"errors":["должно соответствовать шаблону \".*a.*\""]}
D1	442	{"errors":["должно соответствовать шаблону \".*a.*\"","Name must be more than 7 characters"]}
QHKFPJqWunsmYl	444	{"errors":["должно соответствовать шаблону \".*a.*\""]}
fOR7cS	445	{"errors":["Name must be more than 7 characters","должно соответствовать шаблону \".*a.*\""]}
i	446	{"errors":["должно соответствовать шаблону \".*a.*\"","Name must be more than 7 characters"]}
ihkr15	447	{"errors":["Name must be more than 7 characters","должно соответствовать шаблону \".*a.*\""]}
V	448	{"errors":["Name must be more than 7 characters","должно соответствовать шаблону \".*a.*\""]}
oklwzgww4ht0	450	{"errors":["должно соответствовать шаблону \".*a.*\""]}
AS4fLx	451	{"errors":["должно соответствовать шаблону \".*a.*\"","Name must be more than 7 characters"]}
Q5G	452	{"errors":["должно соответствовать шаблону \".*a.*\"","Name must be more than 7 characters"]}
ma	453	{"errors":["Name must be more than 7 characters"]}
d7hX	454	{"errors":["Name must be more than 7 characters","должно соответствовать шаблону \".*a.*\""]}
gJoc	455	{"errors":["Name must be more than 7 characters","должно соответствовать шаблону \".*a.*\""]}
1zY9nYwL	456	{"errors":["должно соответствовать шаблону \".*a.*\""]}
qKJehM	458	{"errors":["Name must be more than 7 characters","должно соответствовать шаблону \".*a.*\""]}
YRXrKOLnH	459	{"errors":["должно соответствовать шаблону \".*a.*\""]}
l5EA2sFA	460	{"errors":["должно соответствовать шаблону \".*a.*\""]}
idBLju	461	{"errors":["Name must be more than 7 characters","должно соответствовать шаблону \".*a.*\""]}
62bFmZv2Bz9Q	462	{"errors":["должно соответствовать шаблону \".*a.*\""]}
WHOEgSlZFIR	463	{"errors":["должно соответствовать шаблону \".*a.*\""]}
INhkY1	464	{"errors":["должно соответствовать шаблону \".*a.*\"","Name must be more than 7 characters"]}
dRjc	465	{"errors":["должно соответствовать шаблону \".*a.*\"","Name must be more than 7 characters"]}
rpIWUrLYPj	466	{"errors":["должно соответствовать шаблону \".*a.*\""]}
tR	467	{"errors":["должно соответствовать шаблону \".*a.*\"","Name must be more than 7 characters"]}
FkybH4	468	{"errors":["должно соответствовать шаблону \".*a.*\"","Name must be more than 7 characters"]}
xXvweKJUS	469	{"errors":["должно соответствовать шаблону \".*a.*\""]}
VST17HQxVzFi0Gl	470	{"errors":["должно соответствовать шаблону \".*a.*\""]}
Nwlgc	471	{"errors":["Name must be more than 7 characters","должно соответствовать шаблону \".*a.*\""]}
AhOUZiO8MNOz	472	{"errors":["должно соответствовать шаблону \".*a.*\""]}
5Dm	473	{"errors":["должно соответствовать шаблону \".*a.*\"","Name must be more than 7 characters"]}
oHQ3vvY	474	{"errors":["должно соответствовать шаблону \".*a.*\""]}
lI3lyI5jphRoZ	475	{"errors":["должно соответствовать шаблону \".*a.*\""]}
pWzFGGGVpFp	476	{"errors":["должно соответствовать шаблону \".*a.*\""]}
NBgcxYL9l4ez	477	{"errors":["должно соответствовать шаблону \".*a.*\""]}
95siy7u1C	479	{"errors":["должно соответствовать шаблону \".*a.*\""]}
jkT	480	{"errors":["должно соответствовать шаблону \".*a.*\"","Name must be more than 7 characters"]}
XqWw	482	{"errors":["должно соответствовать шаблону \".*a.*\"","Name must be more than 7 characters"]}
HNRL05QNQPkSdz	483	{"errors":["должно соответствовать шаблону \".*a.*\""]}
APbyS37YfndSKB	484	{"errors":["должно соответствовать шаблону \".*a.*\""]}
z5DFmnSjTV	485	{"errors":["должно соответствовать шаблону \".*a.*\""]}
JCDmTI5wc2	486	{"errors":["должно соответствовать шаблону \".*a.*\""]}
DTA170YbXdH	487	{"errors":["должно соответствовать шаблону \".*a.*\""]}
f	489	{"errors":["должно соответствовать шаблону \".*a.*\"","Name must be more than 7 characters"]}
LuC7ANu	490	{"errors":["должно соответствовать шаблону \".*a.*\""]}
QrhSK	491	{"errors":["должно соответствовать шаблону \".*a.*\"","Name must be more than 7 characters"]}
yZKyT5	492	{"errors":["Name must be more than 7 characters","должно соответствовать шаблону \".*a.*\""]}
S6hA7TV9t	493	{"errors":["должно соответствовать шаблону \".*a.*\""]}
rOogb6dVgPhbxY	494	{"errors":["должно соответствовать шаблону \".*a.*\""]}
mX8nE8	495	{"errors":["Name must be more than 7 characters","должно соответствовать шаблону \".*a.*\""]}
29G1S	496	{"errors":["должно соответствовать шаблону \".*a.*\"","Name must be more than 7 characters"]}
aO	497	{"errors":["Name must be more than 7 characters"]}
FiGGsRAfbbn	498	{"errors":["должно соответствовать шаблону \".*a.*\""]}
zM9lDdKFK4ujomZ	499	{"errors":["должно соответствовать шаблону \".*a.*\""]}
fyiDOFR2Hi	501	{"errors":["должно соответствовать шаблону \".*a.*\""]}
GUYqiX2JqTmUhY	502	{"errors":["должно соответствовать шаблону \".*a.*\""]}
gkcC	503	{"errors":["должно соответствовать шаблону \".*a.*\"","Name must be more than 7 characters"]}
Pu5d0sxELez	504	{"errors":["должно соответствовать шаблону \".*a.*\""]}
pZcqjN9	505	{"errors":["должно соответствовать шаблону \".*a.*\""]}
9ltsM0r	506	{"errors":["должно соответствовать шаблону \".*a.*\""]}
9hEMbXT1PA	507	{"errors":["должно соответствовать шаблону \".*a.*\""]}
EEQ7g0	508	{"errors":["Name must be more than 7 characters","должно соответствовать шаблону \".*a.*\""]}
Xhs4AgiVVN4	509	{"errors":["должно соответствовать шаблону \".*a.*\""]}
Y2w8nqc	511	{"errors":["должно соответствовать шаблону \".*a.*\""]}
0bkIhJM	512	{"errors":["должно соответствовать шаблону \".*a.*\""]}
ajdL	513	{"errors":["Name must be more than 7 characters"]}
mgqwQhXTX6XK0Nl	514	{"errors":["должно соответствовать шаблону \".*a.*\""]}
1	515	{"errors":["Name must be more than 7 characters","должно соответствовать шаблону \".*a.*\""]}
v4yhI	516	{"errors":["должно соответствовать шаблону \".*a.*\"","Name must be more than 7 characters"]}
fPA6LY	517	{"errors":["Name must be more than 7 characters","должно соответствовать шаблону \".*a.*\""]}
Ex	518	{"errors":["Name must be more than 7 characters","должно соответствовать шаблону \".*a.*\""]}
cOGtm	520	{"errors":["должно соответствовать шаблону \".*a.*\"","Name must be more than 7 characters"]}
e	521	{"errors":["должно соответствовать шаблону \".*a.*\"","Name must be more than 7 characters"]}
GsX4y3zeeG7h	522	{"errors":["должно соответствовать шаблону \".*a.*\""]}
h9W	523	{"errors":["Name must be more than 7 characters","должно соответствовать шаблону \".*a.*\""]}
6M51Rl	524	{"errors":["Name must be more than 7 characters","должно соответствовать шаблону \".*a.*\""]}
9eAwGP9mci	525	{"errors":["должно соответствовать шаблону \".*a.*\""]}
n7EsYK	526	{"errors":["должно соответствовать шаблону \".*a.*\"","Name must be more than 7 characters"]}
E2D	527	{"errors":["Name must be more than 7 characters","должно соответствовать шаблону \".*a.*\""]}
tMsWH	528	{"errors":["Name must be more than 7 characters","должно соответствовать шаблону \".*a.*\""]}
dEy0Myou	529	{"errors":["должно соответствовать шаблону \".*a.*\""]}
6t	530	{"errors":["Name must be more than 7 characters","должно соответствовать шаблону \".*a.*\""]}
2OGDsPVUA	531	{"errors":["должно соответствовать шаблону \".*a.*\""]}
Fsry6dPz5r6nje	533	{"errors":["должно соответствовать шаблону \".*a.*\""]}
GNbXE4	534	{"errors":["Name must be more than 7 characters","должно соответствовать шаблону \".*a.*\""]}
59kOACxBBJK	535	{"errors":["должно соответствовать шаблону \".*a.*\""]}
d	536	{"errors":["Name must be more than 7 characters","должно соответствовать шаблону \".*a.*\""]}
Etq9H	537	{"errors":["Name must be more than 7 characters","должно соответствовать шаблону \".*a.*\""]}
R3FZ35Lv4YZLQOv	538	{"errors":["должно соответствовать шаблону \".*a.*\""]}
D6M	539	{"errors":["должно соответствовать шаблону \".*a.*\"","Name must be more than 7 characters"]}
z	540	{"errors":["Name must be more than 7 characters","должно соответствовать шаблону \".*a.*\""]}
cnFR5q	541	{"errors":["Name must be more than 7 characters","должно соответствовать шаблону \".*a.*\""]}
qW	542	{"errors":["Name must be more than 7 characters","должно соответствовать шаблону \".*a.*\""]}
pDOvvV3z	543	{"errors":["должно соответствовать шаблону \".*a.*\""]}
c3	544	{"errors":["Name must be more than 7 characters","должно соответствовать шаблону \".*a.*\""]}
NIj8	545	{"errors":["Name must be more than 7 characters","должно соответствовать шаблону \".*a.*\""]}
Md	546	{"errors":["Name must be more than 7 characters","должно соответствовать шаблону \".*a.*\""]}
HShURojrhbm2XtO	547	{"errors":["должно соответствовать шаблону \".*a.*\""]}
lbXsIRepOd	549	{"errors":["должно соответствовать шаблону \".*a.*\""]}
dnLKy	550	{"errors":["должно соответствовать шаблону \".*a.*\"","Name must be more than 7 characters"]}
A9uR2gePAtkw5W	551	{"errors":["должно соответствовать шаблону \".*a.*\""]}
Uj6v	552	{"errors":["Name must be more than 7 characters","должно соответствовать шаблону \".*a.*\""]}
riBXzSVc	553	{"errors":["должно соответствовать шаблону \".*a.*\""]}
BoYtpFfl	554	{"errors":["должно соответствовать шаблону \".*a.*\""]}
KtA69q9xGvu	555	{"errors":["должно соответствовать шаблону \".*a.*\""]}
AdFUl27sCnGk	556	{"errors":["должно соответствовать шаблону \".*a.*\""]}
vSvMdvqJvY2gxnK	557	{"errors":["должно соответствовать шаблону \".*a.*\""]}
I	559	{"errors":["должно соответствовать шаблону \".*a.*\"","Name must be more than 7 characters"]}
Z	560	{"errors":["Name must be more than 7 characters","должно соответствовать шаблону \".*a.*\""]}
0oa	561	{"errors":["Name must be more than 7 characters"]}
39jW	562	{"errors":["должно соответствовать шаблону \".*a.*\"","Name must be more than 7 characters"]}
0VY	563	{"errors":["Name must be more than 7 characters","должно соответствовать шаблону \".*a.*\""]}
srZRHs9L0immW	564	{"errors":["должно соответствовать шаблону \".*a.*\""]}
mEq8EwONFUtn	566	{"errors":["должно соответствовать шаблону \".*a.*\""]}
Hqh96LieZCN	567	{"errors":["должно соответствовать шаблону \".*a.*\""]}
Sgn9w	568	{"errors":["Name must be more than 7 characters","должно соответствовать шаблону \".*a.*\""]}
Ia	569	{"errors":["Name must be more than 7 characters"]}
zNqZwkhvZifOZ6	570	{"errors":["должно соответствовать шаблону \".*a.*\""]}
HWReUw8	571	{"errors":["должно соответствовать шаблону \".*a.*\""]}
VAER8WARL	572	{"errors":["должно соответствовать шаблону \".*a.*\""]}
IpF	573	{"errors":["Name must be more than 7 characters","должно соответствовать шаблону \".*a.*\""]}
xokte7LhY	574	{"errors":["должно соответствовать шаблону \".*a.*\""]}
w6NnXoszQW	575	{"errors":["должно соответствовать шаблону \".*a.*\""]}
VJu3	576	{"errors":["должно соответствовать шаблону \".*a.*\"","Name must be more than 7 characters"]}
TJP7DQJ0sOzjov	577	{"errors":["должно соответствовать шаблону \".*a.*\""]}
95Q	578	{"errors":["должно соответствовать шаблону \".*a.*\"","Name must be more than 7 characters"]}
dY3cr	579	{"errors":["должно соответствовать шаблону \".*a.*\"","Name must be more than 7 characters"]}
5	580	{"errors":["Name must be more than 7 characters","должно соответствовать шаблону \".*a.*\""]}
gBUi5wQ0	582	{"errors":["должно соответствовать шаблону \".*a.*\""]}
0IEPY7	583	{"errors":["должно соответствовать шаблону \".*a.*\"","Name must be more than 7 characters"]}
DIQZSsYW	584	{"errors":["должно соответствовать шаблону \".*a.*\""]}
4sSG6	586	{"errors":["Name must be more than 7 characters","должно соответствовать шаблону \".*a.*\""]}
ddi	587	{"errors":["Name must be more than 7 characters","должно соответствовать шаблону \".*a.*\""]}
MQEjMWEE	588	{"errors":["должно соответствовать шаблону \".*a.*\""]}
9SY2OiMG81P	589	{"errors":["должно соответствовать шаблону \".*a.*\""]}
P0mmVmzIXlj13	590	{"errors":["должно соответствовать шаблону \".*a.*\""]}
QLiO	591	{"errors":["должно соответствовать шаблону \".*a.*\"","Name must be more than 7 characters"]}
uhqg	592	{"errors":["должно соответствовать шаблону \".*a.*\"","Name must be more than 7 characters"]}
bWFqPd	593	{"errors":["должно соответствовать шаблону \".*a.*\"","Name must be more than 7 characters"]}
KOO0LYm	594	{"errors":["должно соответствовать шаблону \".*a.*\""]}
eworBsp	595	{"errors":["должно соответствовать шаблону \".*a.*\""]}
4D	596	{"errors":["Name must be more than 7 characters","должно соответствовать шаблону \".*a.*\""]}
Bq8UFl	597	{"errors":["должно соответствовать шаблону \".*a.*\"","Name must be more than 7 characters"]}
HoS	598	{"errors":["Name must be more than 7 characters","должно соответствовать шаблону \".*a.*\""]}
TrMhdKA72PhtqW	599	{"errors":["должно соответствовать шаблону \".*a.*\""]}
jav7v	600	{"errors":["Name must be more than 7 characters"]}
X	601	{"errors":["должно соответствовать шаблону \".*a.*\"","Name must be more than 7 characters"]}
eHGrhek5c3zGy	602	{"errors":["должно соответствовать шаблону \".*a.*\""]}
9BKWwby6fIQ	603	{"errors":["должно соответствовать шаблону \".*a.*\""]}
i6deZ7Euis	604	{"errors":["должно соответствовать шаблону \".*a.*\""]}
8n3FLv	605	{"errors":["Name must be more than 7 characters","должно соответствовать шаблону \".*a.*\""]}
Rej856gG	606	{"errors":["должно соответствовать шаблону \".*a.*\""]}
bE0D	607	{"errors":["должно соответствовать шаблону \".*a.*\"","Name must be more than 7 characters"]}
TqYvqbK6eFD	608	{"errors":["должно соответствовать шаблону \".*a.*\""]}
8m5	609	{"errors":["Name must be more than 7 characters","должно соответствовать шаблону \".*a.*\""]}
6NQHkyl	610	{"errors":["должно соответствовать шаблону \".*a.*\""]}
lyGEp2m9D0	611	{"errors":["должно соответствовать шаблону \".*a.*\""]}
XiVShvzi6Bidey	612	{"errors":["должно соответствовать шаблону \".*a.*\""]}
JFg	613	{"errors":["Name must be more than 7 characters","должно соответствовать шаблону \".*a.*\""]}
Pi11	614	{"errors":["Name must be more than 7 characters","должно соответствовать шаблону \".*a.*\""]}
S3FM1	615	{"errors":["должно соответствовать шаблону \".*a.*\"","Name must be more than 7 characters"]}
T	616	{"errors":["должно соответствовать шаблону \".*a.*\"","Name must be more than 7 characters"]}
NUMPgf5J	617	{"errors":["должно соответствовать шаблону \".*a.*\""]}
KZIr	618	{"errors":["Name must be more than 7 characters","должно соответствовать шаблону \".*a.*\""]}
lhO9SSc	619	{"errors":["должно соответствовать шаблону \".*a.*\""]}
ZvdLsfe9v4HvGMN	620	{"errors":["должно соответствовать шаблону \".*a.*\""]}
G	622	{"errors":["Name must be more than 7 characters","должно соответствовать шаблону \".*a.*\""]}
Ar	623	{"errors":["должно соответствовать шаблону \".*a.*\"","Name must be more than 7 characters"]}
VkEd	624	{"errors":["Name must be more than 7 characters","должно соответствовать шаблону \".*a.*\""]}
MqF	625	{"errors":["Name must be more than 7 characters","должно соответствовать шаблону \".*a.*\""]}
H1lTgh	626	{"errors":["Name must be more than 7 characters","должно соответствовать шаблону \".*a.*\""]}
YHo9LovX22t	627	{"errors":["должно соответствовать шаблону \".*a.*\""]}
TgryCs	628	{"errors":["должно соответствовать шаблону \".*a.*\"","Name must be more than 7 characters"]}
ct7	630	{"errors":["Name must be more than 7 characters","должно соответствовать шаблону \".*a.*\""]}
B	631	{"errors":["Name must be more than 7 characters","должно соответствовать шаблону \".*a.*\""]}
06M	633	{"errors":["должно соответствовать шаблону \".*a.*\"","Name must be more than 7 characters"]}
nlHxiqLqc	634	{"errors":["должно соответствовать шаблону \".*a.*\""]}
Lt4rC	635	{"errors":["Name must be more than 7 characters","должно соответствовать шаблону \".*a.*\""]}
BvC6K7Sc	636	{"errors":["должно соответствовать шаблону \".*a.*\""]}
bOUBmRopbr9T	637	{"errors":["должно соответствовать шаблону \".*a.*\""]}
lBFX9gishJO	638	{"errors":["должно соответствовать шаблону \".*a.*\""]}
8Ih97UH	639	{"errors":["должно соответствовать шаблону \".*a.*\""]}
pcs3H1gxSlD	640	{"errors":["должно соответствовать шаблону \".*a.*\""]}
A4Sou8EGYX6lMfL	641	{"errors":["должно соответствовать шаблону \".*a.*\""]}
EJEh	642	{"errors":["Name must be more than 7 characters","должно соответствовать шаблону \".*a.*\""]}
MYZUxX	643	{"errors":["Name must be more than 7 characters","должно соответствовать шаблону \".*a.*\""]}
1Dy	645	{"errors":["Name must be more than 7 characters","должно соответствовать шаблону \".*a.*\""]}
7kQCOZZQyJj	646	{"errors":["должно соответствовать шаблону \".*a.*\""]}
xbyGGU	647	{"errors":["должно соответствовать шаблону \".*a.*\"","Name must be more than 7 characters"]}
ke	648	{"errors":["должно соответствовать шаблону \".*a.*\"","Name must be more than 7 characters"]}
S5	649	{"errors":["должно соответствовать шаблону \".*a.*\"","Name must be more than 7 characters"]}
xW5hR5oCr4	650	{"errors":["должно соответствовать шаблону \".*a.*\""]}
D0B5A0Tt0R	651	{"errors":["должно соответствовать шаблону \".*a.*\""]}
1Bon	652	{"errors":["должно соответствовать шаблону \".*a.*\"","Name must be more than 7 characters"]}
49oOV5A60pfD7	653	{"errors":["должно соответствовать шаблону \".*a.*\""]}
UX	654	{"errors":["должно соответствовать шаблону \".*a.*\"","Name must be more than 7 characters"]}
MuG6sE	655	{"errors":["Name must be more than 7 characters","должно соответствовать шаблону \".*a.*\""]}
9SI	656	{"errors":["должно соответствовать шаблону \".*a.*\"","Name must be more than 7 characters"]}
p	657	{"errors":["должно соответствовать шаблону \".*a.*\"","Name must be more than 7 characters"]}
r0ttdmtMm	658	{"errors":["должно соответствовать шаблону \".*a.*\""]}
b	660	{"errors":["должно соответствовать шаблону \".*a.*\"","Name must be more than 7 characters"]}
kDCKwCSt	661	{"errors":["должно соответствовать шаблону \".*a.*\""]}
KbcZLY7EP07HqIW	662	{"errors":["должно соответствовать шаблону \".*a.*\""]}
s0VGdv7PTe5	663	{"errors":["должно соответствовать шаблону \".*a.*\""]}
jcpjOWTuxDoj	664	{"errors":["должно соответствовать шаблону \".*a.*\""]}
k	665	{"errors":["должно соответствовать шаблону \".*a.*\"","Name must be more than 7 characters"]}
V8xQLxhMSbIxw	666	{"errors":["должно соответствовать шаблону \".*a.*\""]}
Wyw	667	{"errors":["Name must be more than 7 characters","должно соответствовать шаблону \".*a.*\""]}
87ZLthqj	668	{"errors":["должно соответствовать шаблону \".*a.*\""]}
VO3igKw	669	{"errors":["должно соответствовать шаблону \".*a.*\""]}
ZAp2riDCl5n	670	{"errors":["должно соответствовать шаблону \".*a.*\""]}
WBYoTtRO2	671	{"errors":["должно соответствовать шаблону \".*a.*\""]}
yBD5e	672	{"errors":["должно соответствовать шаблону \".*a.*\"","Name must be more than 7 characters"]}
PDr1RyUdVSXYz	673	{"errors":["должно соответствовать шаблону \".*a.*\""]}
AVvN	674	{"errors":["Name must be more than 7 characters","должно соответствовать шаблону \".*a.*\""]}
2SoJp	675	{"errors":["должно соответствовать шаблону \".*a.*\"","Name must be more than 7 characters"]}
qhZT3BJ3	676	{"errors":["должно соответствовать шаблону \".*a.*\""]}
FOT9Nwl1d	677	{"errors":["должно соответствовать шаблону \".*a.*\""]}
7OwA4	679	{"errors":["Name must be more than 7 characters","должно соответствовать шаблону \".*a.*\""]}
xq2	680	{"errors":["должно соответствовать шаблону \".*a.*\"","Name must be more than 7 characters"]}
6BY	681	{"errors":["должно соответствовать шаблону \".*a.*\"","Name must be more than 7 characters"]}
wMxFYDGhmY0	682	{"errors":["должно соответствовать шаблону \".*a.*\""]}
fhbU2Qri	683	{"errors":["должно соответствовать шаблону \".*a.*\""]}
Ejtr27dAZC28	684	{"errors":["должно соответствовать шаблону \".*a.*\""]}
poxA5k7W	685	{"errors":["должно соответствовать шаблону \".*a.*\""]}
Bwvu3	686	{"errors":["Name must be more than 7 characters","должно соответствовать шаблону \".*a.*\""]}
DYNb0mUMQyoT	687	{"errors":["должно соответствовать шаблону \".*a.*\""]}
JDm35UCTApeQ	688	{"errors":["должно соответствовать шаблону \".*a.*\""]}
mThMLj3bDf	689	{"errors":["должно соответствовать шаблону \".*a.*\""]}
Wl9p2yue8tV	691	{"errors":["должно соответствовать шаблону \".*a.*\""]}
5	692	{"errors":["должно соответствовать шаблону \".*a.*\"","Name must be more than 7 characters"]}
fVp18rMyQv	693	{"errors":["должно соответствовать шаблону \".*a.*\""]}
KMAFN6C4	694	{"errors":["должно соответствовать шаблону \".*a.*\""]}
y1	695	{"errors":["Name must be more than 7 characters","должно соответствовать шаблону \".*a.*\""]}
2ZRWsL8s	696	{"errors":["должно соответствовать шаблону \".*a.*\""]}
XH0KQ7PYuf1Z	697	{"errors":["должно соответствовать шаблону \".*a.*\""]}
GbV5KA	698	{"errors":["Name must be more than 7 characters","должно соответствовать шаблону \".*a.*\""]}
vLFsczA8K	699	{"errors":["должно соответствовать шаблону \".*a.*\""]}
chOIAAk3K	700	{"errors":["должно соответствовать шаблону \".*a.*\""]}
ylMYlz00c8tD	701	{"errors":["должно соответствовать шаблону \".*a.*\""]}
n	704	{"errors":["должно соответствовать шаблону \".*a.*\"","Name must be more than 7 characters"]}
rwKUHUpv1zt3T	705	{"errors":["должно соответствовать шаблону \".*a.*\""]}
uMMtYrjprwwoj	706	{"errors":["должно соответствовать шаблону \".*a.*\""]}
2lyyUA	707	{"errors":["должно соответствовать шаблону \".*a.*\"","Name must be more than 7 characters"]}
ZU6x9ttB	708	{"errors":["должно соответствовать шаблону \".*a.*\""]}
UibLBcCY0Hv2sJ	709	{"errors":["должно соответствовать шаблону \".*a.*\""]}
U81PpZlmlO	710	{"errors":["должно соответствовать шаблону \".*a.*\""]}
448	711	{"errors":["Name must be more than 7 characters","должно соответствовать шаблону \".*a.*\""]}
Sh4s	712	{"errors":["должно соответствовать шаблону \".*a.*\"","Name must be more than 7 characters"]}
ZHn0Z	713	{"errors":["Name must be more than 7 characters","должно соответствовать шаблону \".*a.*\""]}
nM	714	{"errors":["Name must be more than 7 characters","должно соответствовать шаблону \".*a.*\""]}
vkEqtjtB7EOF8t	715	{"errors":["должно соответствовать шаблону \".*a.*\""]}
2rcHD8ZmuB7	716	{"errors":["должно соответствовать шаблону \".*a.*\""]}
Vlkr	717	{"errors":["должно соответствовать шаблону \".*a.*\"","Name must be more than 7 characters"]}
k0TTnEfVMz	718	{"errors":["должно соответствовать шаблону \".*a.*\""]}
qLO	719	{"errors":["должно соответствовать шаблону \".*a.*\"","Name must be more than 7 characters"]}
MrPJHprE	720	{"errors":["должно соответствовать шаблону \".*a.*\""]}
ik9r3Uk8	721	{"errors":["должно соответствовать шаблону \".*a.*\""]}
CzDpG8hKIY2	722	{"errors":["должно соответствовать шаблону \".*a.*\""]}
tA	723	{"errors":["Name must be more than 7 characters","должно соответствовать шаблону \".*a.*\""]}
UcRYkro33	724	{"errors":["должно соответствовать шаблону \".*a.*\""]}
5EVV0oonSScL	725	{"errors":["должно соответствовать шаблону \".*a.*\""]}
7rl7F72K5H21	726	{"errors":["должно соответствовать шаблону \".*a.*\""]}
Afl9TRfJ0qi6mQZ	727	{"errors":["должно соответствовать шаблону \".*a.*\""]}
X17d	728	{"errors":["должно соответствовать шаблону \".*a.*\"","Name must be more than 7 characters"]}
QrwHj6OQ7	729	{"errors":["должно соответствовать шаблону \".*a.*\""]}
hkAV0bp51pgcJd	730	{"errors":["должно соответствовать шаблону \".*a.*\""]}
W	731	{"errors":["должно соответствовать шаблону \".*a.*\"","Name must be more than 7 characters"]}
2oqBCtQNChlgB	732	{"errors":["должно соответствовать шаблону \".*a.*\""]}
5	733	{"errors":["должно соответствовать шаблону \".*a.*\"","Name must be more than 7 characters"]}
6ig	734	{"errors":["Name must be more than 7 characters","должно соответствовать шаблону \".*a.*\""]}
0F6bCxEY	735	{"errors":["должно соответствовать шаблону \".*a.*\""]}
gFIp4mjubixlqW	736	{"errors":["должно соответствовать шаблону \".*a.*\""]}
bNFvbVVQrenk0cB	737	{"errors":["должно соответствовать шаблону \".*a.*\""]}
cBr0O9	738	{"errors":["должно соответствовать шаблону \".*a.*\"","Name must be more than 7 characters"]}
GSmCSLZ51	739	{"errors":["должно соответствовать шаблону \".*a.*\""]}
BDjfq	740	{"errors":["Name must be more than 7 characters","должно соответствовать шаблону \".*a.*\""]}
2GQDZ	741	{"errors":["Name must be more than 7 characters","должно соответствовать шаблону \".*a.*\""]}
j2O3Z1J	742	{"errors":["должно соответствовать шаблону \".*a.*\""]}
mJ5OHxcj3t	744	{"errors":["должно соответствовать шаблону \".*a.*\""]}
o	745	{"errors":["Name must be more than 7 characters","должно соответствовать шаблону \".*a.*\""]}
HnRqko	746	{"errors":["Name must be more than 7 characters","должно соответствовать шаблону \".*a.*\""]}
6x793	747	{"errors":["Name must be more than 7 characters","должно соответствовать шаблону \".*a.*\""]}
lb	748	{"errors":["должно соответствовать шаблону \".*a.*\"","Name must be more than 7 characters"]}
1QV	749	{"errors":["должно соответствовать шаблону \".*a.*\"","Name must be more than 7 characters"]}
G	750	{"errors":["Name must be more than 7 characters","должно соответствовать шаблону \".*a.*\""]}
FJCyenx	751	{"errors":["должно соответствовать шаблону \".*a.*\""]}
2XKRS8EMfYS8x	752	{"errors":["должно соответствовать шаблону \".*a.*\""]}
r7lLsrGg	754	{"errors":["должно соответствовать шаблону \".*a.*\""]}
QBMuF7emd9HVR	756	{"errors":["должно соответствовать шаблону \".*a.*\""]}
q	757	{"errors":["должно соответствовать шаблону \".*a.*\"","Name must be more than 7 characters"]}
Pb	758	{"errors":["должно соответствовать шаблону \".*a.*\"","Name must be more than 7 characters"]}
btCUiheKwd1vej	759	{"errors":["должно соответствовать шаблону \".*a.*\""]}
EDQINCt	760	{"errors":["должно соответствовать шаблону \".*a.*\""]}
FEhUVB4TVLEhYJD	761	{"errors":["должно соответствовать шаблону \".*a.*\""]}
s	762	{"errors":["должно соответствовать шаблону \".*a.*\"","Name must be more than 7 characters"]}
WC	763	{"errors":["Name must be more than 7 characters","должно соответствовать шаблону \".*a.*\""]}
9SrSIwYq30B	764	{"errors":["должно соответствовать шаблону \".*a.*\""]}
P	765	{"errors":["должно соответствовать шаблону \".*a.*\"","Name must be more than 7 characters"]}
n1	766	{"errors":["Name must be more than 7 characters","должно соответствовать шаблону \".*a.*\""]}
R34UGBJnTrZ	768	{"errors":["должно соответствовать шаблону \".*a.*\""]}
G4q3TO1BT4dCbj	769	{"errors":["должно соответствовать шаблону \".*a.*\""]}
2BMd1tOh	770	{"errors":["должно соответствовать шаблону \".*a.*\""]}
JQFj90zc	771	{"errors":["должно соответствовать шаблону \".*a.*\""]}
Jh	772	{"errors":["должно соответствовать шаблону \".*a.*\"","Name must be more than 7 characters"]}
08m7MVney90	773	{"errors":["должно соответствовать шаблону \".*a.*\""]}
1oy0m	774	{"errors":["должно соответствовать шаблону \".*a.*\"","Name must be more than 7 characters"]}
TSuwglM2J	775	{"errors":["должно соответствовать шаблону \".*a.*\""]}
JSYCOfLx	777	{"errors":["должно соответствовать шаблону \".*a.*\""]}
7IH28Dz8C59Pc	778	{"errors":["должно соответствовать шаблону \".*a.*\""]}
JIjlVI	779	{"errors":["должно соответствовать шаблону \".*a.*\"","Name must be more than 7 characters"]}
VxRu2	780	{"errors":["должно соответствовать шаблону \".*a.*\"","Name must be more than 7 characters"]}
MMzgKQGLjbR3Kq	781	{"errors":["должно соответствовать шаблону \".*a.*\""]}
lWGLwK	782	{"errors":["должно соответствовать шаблону \".*a.*\"","Name must be more than 7 characters"]}
xpIEPRmwWTHOAc	783	{"errors":["должно соответствовать шаблону \".*a.*\""]}
d	784	{"errors":["должно соответствовать шаблону \".*a.*\"","Name must be more than 7 characters"]}
I6SnEhc1l2Kt	785	{"errors":["должно соответствовать шаблону \".*a.*\""]}
DQ0YP	786	{"errors":["Name must be more than 7 characters","должно соответствовать шаблону \".*a.*\""]}
W9s7FfCzZF4	787	{"errors":["должно соответствовать шаблону \".*a.*\""]}
KxIsAM6I3Cv	788	{"errors":["должно соответствовать шаблону \".*a.*\""]}
TnJp	789	{"errors":["Name must be more than 7 characters","должно соответствовать шаблону \".*a.*\""]}
ksYFG	790	{"errors":["должно соответствовать шаблону \".*a.*\"","Name must be more than 7 characters"]}
YW5HwH	792	{"errors":["Name must be more than 7 characters","должно соответствовать шаблону \".*a.*\""]}
B6nMGvnKJReSn	794	{"errors":["должно соответствовать шаблону \".*a.*\""]}
vWsqNxqR	795	{"errors":["должно соответствовать шаблону \".*a.*\""]}
mVxJkGzFbBT1	796	{"errors":["должно соответствовать шаблону \".*a.*\""]}
jb	797	{"errors":["Name must be more than 7 characters","должно соответствовать шаблону \".*a.*\""]}
1vqIv7qyO	799	{"errors":["должно соответствовать шаблону \".*a.*\""]}
m6IipQ7u5IRo	800	{"errors":["должно соответствовать шаблону \".*a.*\""]}
8jc	801	{"errors":["Name must be more than 7 characters","должно соответствовать шаблону \".*a.*\""]}
RfVZ9mvBH8xsLuZ	802	{"errors":["должно соответствовать шаблону \".*a.*\""]}
6TKh	803	{"errors":["должно соответствовать шаблону \".*a.*\"","Name must be more than 7 characters"]}
YiX38PYjXh1nx	804	{"errors":["должно соответствовать шаблону \".*a.*\""]}
O9eg5Cl	805	{"errors":["должно соответствовать шаблону \".*a.*\""]}
Qu	806	{"errors":["Name must be more than 7 characters","должно соответствовать шаблону \".*a.*\""]}
AOm1Y	807	{"errors":["должно соответствовать шаблону \".*a.*\"","Name must be more than 7 characters"]}
czqhWg	808	{"errors":["должно соответствовать шаблону \".*a.*\"","Name must be more than 7 characters"]}
fPA6yL	809	{"errors":["Name must be more than 7 characters","должно соответствовать шаблону \".*a.*\""]}
yo1hRIcDuek	810	{"errors":["должно соответствовать шаблону \".*a.*\""]}
Jkf35	811	{"errors":["Name must be more than 7 characters","должно соответствовать шаблону \".*a.*\""]}
1ie	812	{"errors":["должно соответствовать шаблону \".*a.*\"","Name must be more than 7 characters"]}
GJTB4RWcT3HGTnQ	813	{"errors":["должно соответствовать шаблону \".*a.*\""]}
CyQskp	814	{"errors":["Name must be more than 7 characters","должно соответствовать шаблону \".*a.*\""]}
b5MlTKSCp	815	{"errors":["должно соответствовать шаблону \".*a.*\""]}
mDSPAs4M	816	{"errors":["должно соответствовать шаблону \".*a.*\""]}
SIh83qsS	817	{"errors":["должно соответствовать шаблону \".*a.*\""]}
rJQ3G	818	{"errors":["должно соответствовать шаблону \".*a.*\"","Name must be more than 7 characters"]}
MEeGB2LnYopeA	819	{"errors":["должно соответствовать шаблону \".*a.*\""]}
svYud03	821	{"errors":["должно соответствовать шаблону \".*a.*\""]}
T	822	{"errors":["должно соответствовать шаблону \".*a.*\"","Name must be more than 7 characters"]}
aDI	823	{"errors":["Name must be more than 7 characters"]}
RYR	824	{"errors":["Name must be more than 7 characters","должно соответствовать шаблону \".*a.*\""]}
ml46ctLPxn423	825	{"errors":["должно соответствовать шаблону \".*a.*\""]}
wXRhNyl3DOIFLq	826	{"errors":["должно соответствовать шаблону \".*a.*\""]}
Z8phpwLfkVwfA	827	{"errors":["должно соответствовать шаблону \".*a.*\""]}
xF	828	{"errors":["должно соответствовать шаблону \".*a.*\"","Name must be more than 7 characters"]}
vwyp8yx0kvHLzRb	829	{"errors":["должно соответствовать шаблону \".*a.*\""]}
B2WhWtoIHySbRQ	830	{"errors":["должно соответствовать шаблону \".*a.*\""]}
NLDDAdXkIKn0RU	831	{"errors":["должно соответствовать шаблону \".*a.*\""]}
VNF2FwIznJXnXRd	832	{"errors":["должно соответствовать шаблону \".*a.*\""]}
Udyxml	833	{"errors":["должно соответствовать шаблону \".*a.*\"","Name must be more than 7 characters"]}
8rC7	834	{"errors":["должно соответствовать шаблону \".*a.*\"","Name must be more than 7 characters"]}
EC4	835	{"errors":["должно соответствовать шаблону \".*a.*\"","Name must be more than 7 characters"]}
0G14CJLJ2h	836	{"errors":["должно соответствовать шаблону \".*a.*\""]}
4j	837	{"errors":["Name must be more than 7 characters","должно соответствовать шаблону \".*a.*\""]}
IQGxol1Vx	838	{"errors":["должно соответствовать шаблону \".*a.*\""]}
JwfBmPP9ISoDN	839	{"errors":["должно соответствовать шаблону \".*a.*\""]}
D0gWw	840	{"errors":["должно соответствовать шаблону \".*a.*\"","Name must be more than 7 characters"]}
ICNR	841	{"errors":["Name must be more than 7 characters","должно соответствовать шаблону \".*a.*\""]}
NeQJHUwWrxshldb	842	{"errors":["должно соответствовать шаблону \".*a.*\""]}
d	843	{"errors":["должно соответствовать шаблону \".*a.*\"","Name must be more than 7 characters"]}
LhFOTOJASoPv	844	{"errors":["должно соответствовать шаблону \".*a.*\""]}
X3FoEz	845	{"errors":["Name must be more than 7 characters","должно соответствовать шаблону \".*a.*\""]}
Mzzxyj	846	{"errors":["должно соответствовать шаблону \".*a.*\"","Name must be more than 7 characters"]}
sUhRgetsJZTMZ	847	{"errors":["должно соответствовать шаблону \".*a.*\""]}
3Y1PT	848	{"errors":["должно соответствовать шаблону \".*a.*\"","Name must be more than 7 characters"]}
GGkYdd	849	{"errors":["должно соответствовать шаблону \".*a.*\"","Name must be more than 7 characters"]}
snVO	850	{"errors":["Name must be more than 7 characters","должно соответствовать шаблону \".*a.*\""]}
9qSpPvf77d1Ct1	851	{"errors":["должно соответствовать шаблону \".*a.*\""]}
Fqy3s	852	{"errors":["должно соответствовать шаблону \".*a.*\"","Name must be more than 7 characters"]}
dlD22j	853	{"errors":["должно соответствовать шаблону \".*a.*\"","Name must be more than 7 characters"]}
qB7Q1NfAH9uKv6	854	{"errors":["должно соответствовать шаблону \".*a.*\""]}
u52pcFOJ	855	{"errors":["должно соответствовать шаблону \".*a.*\""]}
r	856	{"errors":["Name must be more than 7 characters","должно соответствовать шаблону \".*a.*\""]}
y2tTITSM5BCD	859	{"errors":["должно соответствовать шаблону \".*a.*\""]}
b	860	{"errors":["Name must be more than 7 characters","должно соответствовать шаблону \".*a.*\""]}
egzNI4tAAkdyy	861	{"errors":["должно соответствовать шаблону \".*a.*\""]}
T	862	{"errors":["должно соответствовать шаблону \".*a.*\"","Name must be more than 7 characters"]}
lhZcN3Vt5	863	{"errors":["должно соответствовать шаблону \".*a.*\""]}
l5jSMSuxCCev	864	{"errors":["должно соответствовать шаблону \".*a.*\""]}
vzoFxt00q	865	{"errors":["должно соответствовать шаблону \".*a.*\""]}
9dRznEZp	866	{"errors":["должно соответствовать шаблону \".*a.*\""]}
wG	867	{"errors":["должно соответствовать шаблону \".*a.*\"","Name must be more than 7 characters"]}
iT3H2dRmXFc	868	{"errors":["должно соответствовать шаблону \".*a.*\""]}
5I7	869	{"errors":["Name must be more than 7 characters","должно соответствовать шаблону \".*a.*\""]}
SyinDFDjkDLW	870	{"errors":["должно соответствовать шаблону \".*a.*\""]}
FHtdAByJflTTN	871	{"errors":["должно соответствовать шаблону \".*a.*\""]}
p3k0OAjRRDxFA	872	{"errors":["должно соответствовать шаблону \".*a.*\""]}
PiGQmWNywzWHsph	873	{"errors":["должно соответствовать шаблону \".*a.*\""]}
fYtdI3	874	{"errors":["должно соответствовать шаблону \".*a.*\"","Name must be more than 7 characters"]}
gsNdsOlm6A64Y	876	{"errors":["должно соответствовать шаблону \".*a.*\""]}
kIjt42	877	{"errors":["должно соответствовать шаблону \".*a.*\"","Name must be more than 7 characters"]}
h32uvvu81p	878	{"errors":["должно соответствовать шаблону \".*a.*\""]}
TB5I6	879	{"errors":["должно соответствовать шаблону \".*a.*\"","Name must be more than 7 characters"]}
LXgtBi8vhq8wb	880	{"errors":["должно соответствовать шаблону \".*a.*\""]}
2HDBfSH6Z	881	{"errors":["должно соответствовать шаблону \".*a.*\""]}
mFikD71knE	882	{"errors":["должно соответствовать шаблону \".*a.*\""]}
yFtZBzI1	883	{"errors":["должно соответствовать шаблону \".*a.*\""]}
BV	884	{"errors":["Name must be more than 7 characters","должно соответствовать шаблону \".*a.*\""]}
RoKyA	885	{"errors":["Name must be more than 7 characters","должно соответствовать шаблону \".*a.*\""]}
5	887	{"errors":["должно соответствовать шаблону \".*a.*\"","Name must be more than 7 characters"]}
IpMNWGCBAA	888	{"errors":["должно соответствовать шаблону \".*a.*\""]}
LfnJY64b	889	{"errors":["должно соответствовать шаблону \".*a.*\""]}
9juq	890	{"errors":["Name must be more than 7 characters","должно соответствовать шаблону \".*a.*\""]}
Q	891	{"errors":["Name must be more than 7 characters","должно соответствовать шаблону \".*a.*\""]}
J9eUhdHY	892	{"errors":["должно соответствовать шаблону \".*a.*\""]}
Bj	893	{"errors":["Name must be more than 7 characters","должно соответствовать шаблону \".*a.*\""]}
e	894	{"errors":["должно соответствовать шаблону \".*a.*\"","Name must be more than 7 characters"]}
vzrypdeSMDHW	896	{"errors":["должно соответствовать шаблону \".*a.*\""]}
pXZXmDE6QFs	897	{"errors":["должно соответствовать шаблону \".*a.*\""]}
yMeAcAPI	898	{"errors":["должно соответствовать шаблону \".*a.*\""]}
2XPo8	899	{"errors":["Name must be more than 7 characters","должно соответствовать шаблону \".*a.*\""]}
UWyY467wdk7D	900	{"errors":["должно соответствовать шаблону \".*a.*\""]}
ieQm4S32	902	{"errors":["должно соответствовать шаблону \".*a.*\""]}
MrK12	903	{"errors":["Name must be more than 7 characters","должно соответствовать шаблону \".*a.*\""]}
uw	904	{"errors":["должно соответствовать шаблону \".*a.*\"","Name must be more than 7 characters"]}
w	905	{"errors":["Name must be more than 7 characters","должно соответствовать шаблону \".*a.*\""]}
5VcS1Nu1KlSRe	906	{"errors":["должно соответствовать шаблону \".*a.*\""]}
nB7rVymuAyhBOtX	907	{"errors":["должно соответствовать шаблону \".*a.*\""]}
vDhB7	908	{"errors":["должно соответствовать шаблону \".*a.*\"","Name must be more than 7 characters"]}
hB	909	{"errors":["должно соответствовать шаблону \".*a.*\"","Name must be more than 7 characters"]}
V3D6ZwXqb	910	{"errors":["должно соответствовать шаблону \".*a.*\""]}
qZ	911	{"errors":["Name must be more than 7 characters","должно соответствовать шаблону \".*a.*\""]}
kOFBwAMYOZxm	912	{"errors":["должно соответствовать шаблону \".*a.*\""]}
N	913	{"errors":["должно соответствовать шаблону \".*a.*\"","Name must be more than 7 characters"]}
GzhzyrHt9YXOGm	914	{"errors":["должно соответствовать шаблону \".*a.*\""]}
SRgHymxuS0PmXC	915	{"errors":["должно соответствовать шаблону \".*a.*\""]}
G	916	{"errors":["Name must be more than 7 characters","должно соответствовать шаблону \".*a.*\""]}
3w	917	{"errors":["Name must be more than 7 characters","должно соответствовать шаблону \".*a.*\""]}
4	918	{"errors":["должно соответствовать шаблону \".*a.*\"","Name must be more than 7 characters"]}
X4md5I9B9	919	{"errors":["должно соответствовать шаблону \".*a.*\""]}
LO30g	920	{"errors":["Name must be more than 7 characters","должно соответствовать шаблону \".*a.*\""]}
X	921	{"errors":["должно соответствовать шаблону \".*a.*\"","Name must be more than 7 characters"]}
MBRX5Mj	922	{"errors":["должно соответствовать шаблону \".*a.*\""]}
UsbJHxQf12E	923	{"errors":["должно соответствовать шаблону \".*a.*\""]}
CD18xedLPAQcV	925	{"errors":["должно соответствовать шаблону \".*a.*\""]}
nKT	926	{"errors":["Name must be more than 7 characters","должно соответствовать шаблону \".*a.*\""]}
mZ0XARho	927	{"errors":["должно соответствовать шаблону \".*a.*\""]}
U9DkquQL	928	{"errors":["должно соответствовать шаблону \".*a.*\""]}
vfnYffSPxO	929	{"errors":["должно соответствовать шаблону \".*a.*\""]}
o	930	{"errors":["должно соответствовать шаблону \".*a.*\"","Name must be more than 7 characters"]}
S6lI96jJgQBlMkQ	931	{"errors":["должно соответствовать шаблону \".*a.*\""]}
EfMO1VmIq4fS	932	{"errors":["должно соответствовать шаблону \".*a.*\""]}
nHjbcqO	933	{"errors":["должно соответствовать шаблону \".*a.*\""]}
5P37oRgv5bJ	934	{"errors":["должно соответствовать шаблону \".*a.*\""]}
3J	935	{"errors":["должно соответствовать шаблону \".*a.*\"","Name must be more than 7 characters"]}
1Sonx	936	{"errors":["Name must be more than 7 characters","должно соответствовать шаблону \".*a.*\""]}
JrkUbBQnqFDYU	937	{"errors":["должно соответствовать шаблону \".*a.*\""]}
hZjm7R9WTE6z	938	{"errors":["должно соответствовать шаблону \".*a.*\""]}
wLzm2J	939	{"errors":["должно соответствовать шаблону \".*a.*\"","Name must be more than 7 characters"]}
k	940	{"errors":["Name must be more than 7 characters","должно соответствовать шаблону \".*a.*\""]}
szjsjYtkOLF	941	{"errors":["должно соответствовать шаблону \".*a.*\""]}
sn7dsFiUGf2x	942	{"errors":["должно соответствовать шаблону \".*a.*\""]}
iO8JOqm	943	{"errors":["должно соответствовать шаблону \".*a.*\""]}
GVYPy5RGVMwjg	945	{"errors":["должно соответствовать шаблону \".*a.*\""]}
AZgOhunufSiqUbJ	946	{"errors":["должно соответствовать шаблону \".*a.*\""]}
lYjP9	948	{"errors":["Name must be more than 7 characters","должно соответствовать шаблону \".*a.*\""]}
T2tKps6	949	{"errors":["должно соответствовать шаблону \".*a.*\""]}
gdruHVgyuY6cX	950	{"errors":["должно соответствовать шаблону \".*a.*\""]}
fHDI	951	{"errors":["должно соответствовать шаблону \".*a.*\"","Name must be more than 7 characters"]}
1PuzsJV	952	{"errors":["должно соответствовать шаблону \".*a.*\""]}
BukRHiC0gIGH	954	{"errors":["должно соответствовать шаблону \".*a.*\""]}
eIOWTv5	955	{"errors":["должно соответствовать шаблону \".*a.*\""]}
yzLDPJYiz	956	{"errors":["должно соответствовать шаблону \".*a.*\""]}
RLmI	957	{"errors":["Name must be more than 7 characters","должно соответствовать шаблону \".*a.*\""]}
2c95CfV47	958	{"errors":["должно соответствовать шаблону \".*a.*\""]}
g1ol0dg1	961	{"errors":["должно соответствовать шаблону \".*a.*\""]}
Tk	962	{"errors":["Name must be more than 7 characters","должно соответствовать шаблону \".*a.*\""]}
KQi3J1mwXF4H	963	{"errors":["должно соответствовать шаблону \".*a.*\""]}
vXX1jjPOZS	964	{"errors":["должно соответствовать шаблону \".*a.*\""]}
1YiQxFBrXAF7p	966	{"errors":["должно соответствовать шаблону \".*a.*\""]}
bevXKl	967	{"errors":["должно соответствовать шаблону \".*a.*\"","Name must be more than 7 characters"]}
w	968	{"errors":["должно соответствовать шаблону \".*a.*\"","Name must be more than 7 characters"]}
wfeWs	970	{"errors":["должно соответствовать шаблону \".*a.*\"","Name must be more than 7 characters"]}
PjkwuAoy	971	{"errors":["должно соответствовать шаблону \".*a.*\""]}
b	972	{"errors":["Name must be more than 7 characters","должно соответствовать шаблону \".*a.*\""]}
tA8AI1F	973	{"errors":["должно соответствовать шаблону \".*a.*\""]}
mBz	974	{"errors":["должно соответствовать шаблону \".*a.*\"","Name must be more than 7 characters"]}
LPt45L	975	{"errors":["должно соответствовать шаблону \".*a.*\"","Name must be more than 7 characters"]}
rx7QTt7	976	{"errors":["должно соответствовать шаблону \".*a.*\""]}
HIz5	977	{"errors":["должно соответствовать шаблону \".*a.*\"","Name must be more than 7 characters"]}
i	979	{"errors":["Name must be more than 7 characters","должно соответствовать шаблону \".*a.*\""]}
J466Aj1Kj	980	{"errors":["должно соответствовать шаблону \".*a.*\""]}
A	982	{"errors":["Name must be more than 7 characters","должно соответствовать шаблону \".*a.*\""]}
g	983	{"errors":["Name must be more than 7 characters","должно соответствовать шаблону \".*a.*\""]}
b27o7zP4A6X	984	{"errors":["должно соответствовать шаблону \".*a.*\""]}
vQ5fLg5u1	985	{"errors":["должно соответствовать шаблону \".*a.*\""]}
5ZWXP9bnybiImbG	986	{"errors":["должно соответствовать шаблону \".*a.*\""]}
bUImCSevOBtfAJM	987	{"errors":["должно соответствовать шаблону \".*a.*\""]}
Uth7	988	{"errors":["Name must be more than 7 characters","должно соответствовать шаблону \".*a.*\""]}
AIJceJyqvxx97ro	989	{"errors":["должно соответствовать шаблону \".*a.*\""]}
0Q	990	{"errors":["Name must be more than 7 characters","должно соответствовать шаблону \".*a.*\""]}
yfUmlG4	991	{"errors":["должно соответствовать шаблону \".*a.*\""]}
VF6lK9l	993	{"errors":["должно соответствовать шаблону \".*a.*\""]}
hzNw	994	{"errors":["должно соответствовать шаблону \".*a.*\"","Name must be more than 7 characters"]}
Ck2BmyRTZQ5Ts	995	{"errors":["должно соответствовать шаблону \".*a.*\""]}
0SKdCstX	996	{"errors":["должно соответствовать шаблону \".*a.*\""]}
dEUlC	997	{"errors":["должно соответствовать шаблону \".*a.*\"","Name must be more than 7 characters"]}
Ul6	998	{"errors":["должно соответствовать шаблону \".*a.*\"","Name must be more than 7 characters"]}
DyiMklQ1EZ	1000	{"errors":["должно соответствовать шаблону \".*a.*\""]}
poison pill	0	{"errors":["Count should not be less than 10","должно соответствовать шаблону \".*a.*\""]}
