name	count
xXaekvSKMTqf5g2	13
aibszlIm6I	16
0lFK1HhLbdeah5I	34
fal0rgIEV1U	42
hQFARGwI0Ial	63
d6qUdaKpJtFVO	68
U32o1ZEmaul	69
IZxOa9mHcI	74
5wRyjahf	96
avDLsn8d	102
WaQiADlMYb6bvff	108
qtNvGgaAxjls0	128
6Oxa8cB4N3f	130
cMdaYQcXlsrCq	143
Zret5wmUgeairM	164
YviEESdQyI7a3	167
iTasyU0Sdd0r	177
dpkJgZvaDp5RuF	179
C6o9WovCga	185
naM21zOL	195
hv2XpEan	204
57MbFjJWaeMy	214
3otULWPaP65kMJ	223
KKzaGLRj	234
yR9vQpwzaq	245
cEfMaQzamb	246
aQZr8ncz5u6n	249
XyyrMma2wgn2LaP	250
qqKrJn9tNaOHNF	265
UJNTNEs80aryE4	299
6PQlCbWakaCEa2l	309
djEh2gphBa	314
0NMkeucz0t3Va	328
xPaCaU6g8EkT	331
V0UmsiJYaxvlbV	335
tzzaAec	337
a0qJDNzNlBCrHnc	345
1aoAf3tKZ5T6	348
yaGteioGAD0Pu	354
TP9pMGHNaDUVl	370
4phhzzNa	374
r4CMa3K2HK884bw	380
OT0yOaz37	384
tZCeaQJgzqTi5	416
EBqJ5UG1ciUK5a	429
anYkRuUMDc1Cu	441
tylpNskwSa6bI6	451
YpoGxf4ePa	475
JS7QElhY1aLt	482
aJl419tQ3	484
Oa9GZiC	488
9BqAaWvtjL4j2	500
3aDGVup	512
azFUcHkznF8	523
ToHwDIag7kPRa	528
qYsa48Q1WLi8V	533
05ecaRedEohKKS	545
urcFzzWTa71e	548
7a6YVMc	564
asisD6eOcBEPX6W	565
F1ElderwUa962Z	576
yYZeFGtya4	580
Olc9qBas	594
jQMbmpeakW30	608
Wn648ZaP6fs3yR	611
1nvHGatnDpEulMK	620
1B33ltIEWJa	626
5UmuwTgO3aB	632
3ea1eNBcNvnbi	637
Y9oNrJ6K6aAiX	644
at7T9ylf	658
TuaN2jtZu	660
nGdH7qnpkayveaP	673
t4sQVWWLV64Cia	679
Skw7qjnpkGaKi2	703
r83lu964a	708
nAZj2JaQp	716
Nd4B6aGk8	736
IuBayNcI2uK	740
VK7z0EYaaXOIWX	741
k31qgar5oE	744
hFaL4dAzOtSQ8CY	749
gJS2vJNusaFYw	759
4UxKhvayQHp	767
iniiaHGGK	784
rM1FVAmTag	810
U7azzO6Z	821
aeHNunyxz	843
paQZbIgZXKNHP	844
aqhj80MHcB	849
7awBD8ezzNL2	855
wasXUAwvf7g	856
7BvA623i8a7DytN	900
YuwQCWa	907
gal7gJsgFI	917
i2iu1vo9a7	969
FvoOa3Br	981
ELaoKw69ZH	982
SaPzh6Di	1000
xWba0HM9kT9jXj	1005
3rtke6aCZjG	1018
tqKXEVU2tJBaPA	1019
MhavIgEw5OIYbH	1026
w4gaPwgOee	1036
uPiZbO9aX	1069
x1ccMaba	1082
0aeMPuHUJEfb	1091
oaQGnRdMgV3w	1094
rraz7hhn	1095
fcXaPvrNkp	1103
UYj5uRap91Xe	1108
sZhh9zVzhaCdO	1110
9anlbtT	1148
GXOlfLBSLnCacWu	1154
h8WWoyhaIMpj	1155
m815SaFcQTqW52L	1164
ccoYBma658tX	1165
aKvrEhvj6	1174
yasbHga	1177
xdOppk4ja	1183
aramNEi4IIPd	1187
HVzdiJk0KYahS	1213
8WV8Tazc5	1220
WNaP06br3Qco	1222
aBQVzvCpp	1252
8onJHSGaf	1277
xKWe2dcax	1285
IfdaS11nwzr19	1303
axt33uBUd39F	1305
T9YdUjmKa6Jfu0	1311
nRtESsXsav	1320
6N85jf7uapGo	1337
HugoFEaljQ2VAP	1340
KaujMPL	1343
aKkNraL	1362
X3SsBujaySadlB2	1369
uaIRDITglAli	1370
MR1ann8wE3Ct3	1375
BOamMzfvF	1389
GIEwNim9aTqN3R	1412
hbYaYAaCvl2n	1416
L5a2i1anHNf	1417
aBfQwD4Em2	1456
iUoUp0bazd4y67F	1464
tHPQaewZrXum	1481
EuTaeOPPrNrXG4	1495
csgmlGaDPh	1517
abxZX6H0FGoQZj	1539
DHaydhhK	1542
qaNPgaYl	1550
ka2BWGfD5	1593
4jBYs5wzaMy7RD7	1596
nk5aMIQu	1599
nIbxPW737zAeta	1602
zwpcaG4LP7v5	1606
qF549aNAgoj	1608
BILNtagnfT8OPgc	1633
3109XPOqaP	1635
Am4TuiPBWaJ3H2V	1670
Hl16KaV9	1680
SssXXyE9fGNx0a	1704
2dNQz1ad8d10Hq	1708
XnmGAgTeahJ	1718
x3IPaywFSrwsVpk	1722
aQ82UWfN1POgZ	1747
nXba6mq5KCh3B	1748
XaXPHCJ7Wd	1749
a5VTGa09	1753
nY0Hmael1z	1760
PnEasR3	1776
uF5daywLFDzme4	1782
2aDUNlSiTBZ	1789
azPGrA9155b	1791
dVmfCwaJf3W	1796
0aXZCxcturHe	1797
o21amqzZ1UFTG	1817
bSsan9i20V5vxy3	1822
8ulferSqUSg8a	1848
0lAMfAcYCCloav	1852
yp2Mhibyjs9eaW	1858
2ryMCHPYYWqoa	1866
5adckkqu1BI8	1880
Z0iaV13Khf1GHK	1913
UUfPIHlakOyB	1918
AJEaaptQWNmdfO	1923
9NZa6RJ3k4	1944
az446HrUFlMv	1954
SkaiBU64	1960
6tZa4mjCPu	1977
w7AhaEGhxE1yfGn	1982
Id5Ywo1nav5yW	2008
LK60Egab	2014
Y5A7WvGaEn	2027
TX5mRr30ayfq9	2035
58H2rGTmgrR3a2	2055
M6WdqKXHiaVKj	2058
aVuKigQLQD	2100
4o3Ww9PG6Uak	2108
kcCacFo	2136
vGa2gPNnRHCUx	2140
36IRSzz3a13eVl	2141
PWzIyX8bman6rLs	2143
ais8w2qFN8NI	2152
dabyNzVmoYD0fOL	2160
QWXX2aQDZu	2164
jRTK52CkcRZaLc	2176
gA0VeVqa1LSKB	2197
W3Vi5eOMir5aXv	2201
N3nha8jqJESHPC	2212
iSwa7nF	2213
hRV41rUIBvZaP6	2218
FdMZp7kKm5E0ea	2231
oHWWma121	2241
SRdLNUQ9Uad3M22	2250
3ka9joVW	2257
a5i164tZc12Q	2259
Ll4asSVi5r	2264
txxck0S8MaUBQa	2276
ajoJqQ8R	2278
jg2ia1VP1	2288
BNiZaY92nRfzna	2289
AJE2PVxTfyczfa	2301
huGaLGRNJO	2330
S0ai55b6i	2334
b2aP1vfBBai9b	2345
YIoaTuoryiGwa	2348
fuzapQFi5	2357
FqAD7c6m0YaZS	2367
ngalQZ4o	2372
a1Qan1PhPFU0mjG	2378
KD19AYB1j5tuaue	2380
yaD0gXnEHu	2397
b4LwlaN	2407
adGfr9s	2424
MYakxK6CFUNySs	2425
H6jmwfyO49aw	2433
aUopJiQKnM	2446
hOiIryja33	2471
nfabn6rKs	2473
XYaNKnoo3hys4E	2475
3vvcRaQbon	2482
Miagt0gyBl5NUE	2487
haTDC5RzkBgX	2491
SBrzJaJC1WxyDU8	2500
atQnxzCC	2527
5pnsQ7wQa	2531
hGMUa7qc5	2555
eC9rkvcfL28lae	2558
J5VbSCpacDc	2572
u6j8la9j	2575
qOIarY1B	2576
JMDlaL2ttI7k	2593
0PYavaphIs	2651
8betLay75eJvMT	2665
leu4aw9opwOvmi7	2677
Katia6kmsf0	2686
3XoI9almoF1	2688
yenINmZqvu8oa	2693
zVMBoURaqS	2702
uIyuaMKq3GA2	2712
YaNkAj2rrK	2733
fXFmvaAqY	2734
eIsahjDK2	2755
AEv7aJSkKDe	2760
4aRO5KO817VVqFD	2773
rouaxsUkw6SrCe5	2779
Lak44BK30Gg2Qz	2793
uwQtosnaYT	2824
knvadHo	2831
9n4wsaYDWt	2833
aVuKV8hELeT	2852
3xAlrrMaDOwW	2865
4ODd9Wm8ca	2881
XLpzbaykfcJn	2935
aXrpvfM	2936
6OdC2KwNa9s2	2981
43xMmia5	2991
n9vkUGZGaqgtTt	2999
Yve8LDaT0Q	3003
a4zqxDZ	3011
hai2EI9q	3032
QHNp2naZ5FAa	3061
AanLJZ1Nv	3063
WXAWaFVw2PKGlES	3068
OSyb0ghajxAryv	3071
4A2dADXaB6jUJP	3072
n7dz99ozKnGa	3089
0gafVVo	3097
8NzHLsgoa	3103
7P6arXTRPyED9CF	3113
CRmS7LIkdva	3118
zzasqUeYc1	3137
act2iXZrjmiLn	3146
TrjTaUcDNsZu	3156
uanmHXsJuWiQxo	3157
Xth0sWSuanohGrJ	3158
McBY0pF2aZ	3162
2UBYyN3GarPBE	3163
aRzIN7GziL	3179
pMaRVYkCzLQc	3181
bKdJhuIab	3202
nry59ae	3211
mWGVT6aQaF8BPJ	3228
aRYI657XAnGSFSi	3231
pz59a7eBB	3240
6OTehcaE	3243
a8mpTKVuBi	3255
O2Ea2IL5YktF	3260
qxafLUu	3269
fi1oaC1yVzkcjg	3278
aMs0ERHlHap3N7	3294
TJpSv7coLajK5f	3303
zxwSiwQ69wSKa	3310
VagZyBQjoj7a9l4	3326
PuyxqaiVZu	3343
xejapIVeBnQ	3345
OgraIrZ8Hb	3347
aPS0OUMwJn8x	3348
VsaTT9pC5n1	3363
UzQLMj4CWa	3366
vZzWOzuddgVkaRW	3370
auRyMtM	3372
wRuZm6J6waDB	3405
qeaDhbr	3412
glDsIl678Ca7TQo	3418
maHMPIxk6WuS	3426
RQUxNbbNvaEvhZ	3433
B126eAvQ4Tovac1	3437
jeadPJSlgP08	3465
JOaWoA1Jmn	3475
a8FrjmItb	3487
moyaVqUIsZH	3491
H8HgzvalqW4tsA	3498
fQIHY38GqaGaRhc	3524
lBFbgFSUaCXVLWP	3528
3N8xgUpefa	3531
xHOQlerwCeRc9ga	3540
eakaw6BG	3544
KJBsHEap	3545
aqHQni5Xsx	3552
zSa2CgQA6	3559
g9JIRfapgSQRg	3561
D9ZZtIadf5e3y	3573
tUDnjDuuaufPK	3600
5aX0z8FJTk5ZDV	3604
kIl0V5az	3614
CdsVE6lauS	3615
JJA8BaqC	3645
agYEYZdwXzQsqB	3660
lWMW8a6X	3670
EET0Biaa	3671
mBe7eiFaV	3676
MRRvXBSnaMsMHrp	3677
YJErDRwf9iJaIJ1	3706
WdMy0aomterI	3714
qz1zwfar8xXL54x	3718
fWdQQDRmx5SaYtZ	3719
NZP87Ja	3730
oIavdgC8W5TAg	3735
PPYXYvksva	3745
OWa38CI	3747
aZnK94c9ZLD2hHq	3749
Kn7lajXqlGz	3753
nFfdadgf	3788
tTIklf1R5aiJ	3790
Lt5xiP2afuHO7	3791
AjeFeaSKQXprvFw	3793
utHyAMyyXa5aIC1	3817
5Ki56k1saYxn	3834
CC2aqNAG5sa	3838
Vgea5AnDB	3854
LSi3TgUINazME	3864
Tu4PaDkSDf1Ot	3872
Yujwgaq	3905
whTiPFzRYTlavf	3951
MFKGtaDeBh1	3958
N5Se1jaX29tHn	3960
GvxfVYax0	3962
3a6AcNt3Bco	3974
v5CvRXwna6y	3995
hjnqh7wWvagJ0	3997
j0gahYWSaB3q9	4007
GahdjLlVskGtae	4029
H2cJg8IBFw4DDa	4039
CKj8aHddSCq	4044
gSfU3fpvza3E	4056
9Gfa2So	4077
g9LqiKULyaV	4082
Kf31eaxfnf36	4088
jUmbOhrKXoa	4100
YTnlta5GaG	4101
j6q4Dg7XoaUuGk	4107
kgLaZ9TFINd2v9I	4110
Tg3Fa3TMMy7W	4114
Hb43La0gZX6oX	4133
Rq1PaqdZdr	4135
cavvR6Fru	4152
Ey6eaNfUcobK8g	4165
ep15EpaD7bDJ9xD	4183
7arxupy	4195
iUcT2s6a3	4209
aHEgBhW5uOJGcZo	4218
aBqYdxVwb8JhtdS	4223
Ok5suD32TwKaEng	4229
71VaF6KEcX0	4236
Dd0aQIosZIaVEE	4239
axTDuKi	4248
fMafZ7OLisAwM	4262
nppXSahUP	4267
Y6BbSJKFnbdGQan	4279
0xGlYxaP4V8A4	4291
haHwAnb3joc	4295
aqqxqUVRb	4312
nay3qbW6	4314
vaq8Gjwv	4316
WXahGNM5C50uR	4323
cj7SSFrX8crsayZ	4331
EO6CqSaw0f	4343
JABz5Za44exz	4360
PCXrc0a	4363
XH0E5yaygQ	4369
RTms1q0pawWH7FK	4374
4GZshEua74xRM	4392
F7TF6Hab	4397
RCmS3toZal4cEF5	4421
OAQacv0linoPPMu	4433
26uv1alHci	4443
BcIV37Ya	4448
pLjVHd7za2ieF	4454
ZgG8Vy0La	4460
QAQ6yua0IdictvL	4472
7B9PUaKos	4475
eMHaeSVO2AG	4487
YiH7RaMQe	4512
9kUadTYdlp9g8VT	4519
TVaKvkA3f4s	4529
NB7vaw91c	4537
TRd9sj1Qa	4538
gCRJiFn2da1y8	4545
ac0fRVGe9	4547
aMwWGZQXUNBbcR2	4551
RaSn4EH5zHc	4562
aUYPwrxnGDGn	4564
jnawRB7Twg1nEoZ	4573
aMQUiPvKrvS	4582
mCaKIEAGmeY	4598
leeYZLClMXac	4604
ZX1a2wEknDs5v	4605
YCUUREmNbawioP	4612
Uaql6A3Bm	4617
dmBlakwNna7auv	4619
d9yYPSFalTec4	4636
SaIV9nKk	4658
asuEPot	4679
YVpPeaD6iQZDGt	4680
NdwTWFzFeUau	4683
ZvjNa9d4ZPO	4705
AaFPs0We	4708
HMZJt1a	4717
AMOaEDdixT	4730
EprBhmkyMebna	4740
aax9HqbTZJqRW8	4744
AbzfESejaViKme	4758
CUa7JvjH	4765
o60FVdSvBatS0Gy	4766
jQ8a0amRFbPN	4790
r9Garx9ffhK	4792
aCPkDRW	4795
MahUcCH8Mxsp	4798
uO9MPaKwWwHj0G	4814
aT1dtsVU	4829
RY7adpDHcJ	4850
aOqbGSOd968SPW	4852
OvZMEP5a8Ya	4860
aXorCQ4hPsI	4888
dvpGwM4bMujWioa	4889
adp4he4	4891
3bXiLpGa	4892
aTNGnk0	4904
neReS66qWXGfj1a	4911
PMqapE9je	4931
XPGfVkaM4Sj	4938
FLWpntGUauUy2L	4962
aZEiK0b0	4967
38QAxSch37k1aZ	4986
zsUnag1ED13bWwF	5004
olaGAZ0fW	5018
2CMrbYEUfMhaH9	5021
D5J6adzr	5027
Ev6HgOIa	5044
laov2KILeGsWq	5045
7atKQ8CCvOZFtr	5046
2rfRGB41a	5049
wJO34TjTlBawH	5064
LafAtLal2V	5082
aaJZQOpwI7Sezz	5089
7Z0bxHnpafjhP	5098
cETsCxTuehNra	5114
a3lV5HN9	5119
aa1y4kFV45z	5126
DTYMHVGaHj	5136
RB4SaEiqa0	5145
Ca06Czo	5150
APPPjag12	5161
avVAGy6e2Iw	5162
rlgMasWnccnwH7	5167
Co2LRWqae3LBd	5180
zCTaBoSSbh	5198
cjLK5cNpqpdaSxW	5209
aDMYX0hyIyc9xMq	5264
ctahjUti1Drp	5268
5Cba4CpwdhEQw	5275
xB4valOmS0OG4g	5276
VHJ4Tp8aVE	5278
ka2z8aqE4w3ubt	5289
QapeBSXaqlVA	5291
jypzabMA3D	5313
Skc9LOXHVa	5314
wf6rpQFyg2aGyVF	5322
mlrQTZTUaYevxQD	5360
3ynhTvdB105a	5367
aSNqANI7	5379
GjxaO1PUA9Y	5388
D7trmfax0k9Plna	5395
b2sxHoRia	5404
YanJWxlFwhx4f	5412
LxUaF2eO	5418
K5gGgXarTQ3	5422
lfIAQCR1Cac83b	5444
srNp2H3Eka2	5448
ia9Qvthgzswk	5458
LmRac9Aa98FOF	5463
jqLrwmOzhv0aUWJ	5484
j2eaaMpkGHEcYo	5495
loGinaRQm	5503
Maio2qmJyY	5512
gtaGXS7deI	5515
XaSdDPm2P27	5522
X8RraPZrNVKb	5523
za1oLyAe3mnuvV	5528
oHHznVa5io2i0	5529
Q27cmkJZavR	5570
UoOQoausd5cab	5571
aFtxMeiP9CM	5572
kt4zl0aqY	5575
i3arP6zpInmU	5592
kJDabSyFEWmI	5624
aCxPzfoZ1rNYOg	5628
snfi6aSxb4Iwu6	5639
G4C8k6a3U	5656
caQjU7JHgXo	5661
1nvWxFFaZwg3	5695
iaVBKL6ciw	5705
Jbg3Gia2ER3XA	5726
AYyakYXl	5730
1KtaOUtc280	5732
5acaqM3rN7e	5741
yBoULEQkaXp3	5752
I1aMcwPc69Wh	5776
KaqouKy	5780
3NZvltpEkarf	5782
a8loqr9H	5789
0XiEpmagVofqtd4	5796
qLKuaZYxaS	5812
wQA4y8TDzH4ua	5822
Ramyrl8rjf93w	5837
MapGUmK	5839
AAl9CL8yaVHlxI	5843
Tyjd9adfF8JO	5857
NVLFkaFZ8O	5858
MVaFB3t6	5862
UzLa1gF93t3gjTu	5866
QndJdltVo2a4dcq	5886
P1aaHxs	5891
vAr0Oap0JxGxpJ6	5899
3zOamSXRtrP	5901
ICayoioGnyP	5931
niIAN1ExDrawCvJ	5941
aJl0xR6U9muPh	5946
KqQiW9aoOBCQ3H0	5948
XKba21JqYF81	5983
uTOa1utgQoA	5986
tY0DxT997Bssasd	5989
aE8FGXV	6008
K7dHyTaq8K	6014
tKSaHiE3	6025
ZTFgdv9txXWaQ	6038
01rk4QaQqGg1B95	6043
2cV4TarzBUC	6044
c0evr51ELJahPO	6056
dvaU0Fy	6062
1OzIaqjSQh	6080
pVUanb64ph8yAXP	6104
MDkdmamLLN8H9qZ	6105
8a7m1Ndl	6127
X3KnfaNim	6137
uRPF9lka2ji	6148
FDU5rKqyBqaJsR	6151
axwO0eg	6159
CWc8xIqaqmZUA	6173
8HiS6mEkJaUW	6188
d7epKXVxoOQa	6190
PTnVGrQTxat3be5	6197
3ASO1Nja	6215
JECXvh0qaH9G7	6236
0xL3Ga9dI6urHHD	6241
Urwca9R	6247
q7KKHGGqhaV0	6250
ZPoY6nE5awu7u	6254
Kz5aBrLkcr9iDK2	6258
ZymZttQrZcQa	6262
ZXvAYojaYBd	6275
usSP9OaVS	6289
axmqu1m3ij	6311
0zRaJJqfHx1tm	6315
8yIWVTulKbRas	6324
sKxtaFCsvxFE	6329
3p1Wcea	6344
kOtpbra3t	6357
gthHhZMzaTmgD	6375
9uaKODz186fJTKg	6390
fmraZXWa0	6395
AJf3Mtua	6397
Z1XpsaU	6432
055AaZoJSiosLO	6438
X7zuadJKK	6497
tH1PajcKF	6512
aw3DNz0rdPPdeRx	6518
Czcu1RatXg5	6535
sauFdPK	6537
K0DhII1alf5kGZt	6570
FaVcxv0LXEn	6575
uMg26nQaQTCh4hU	6581
aSV1rA9hTk	6586
jVylU5UJqNIaRN	6600
LCtALaiH	6642
a8pqjzq	6645
hggyHapTomV	6648
uDtIh3UaRc	6656
NFSOOsWaToYv	6667
uR4Bc62ahst	6683
sMa1cd9uQNA	6685
aPRz7wNGk	6755
SzC0paeCBuH	6762
iT7At7PaDzPYAz	6774
BB3qJ5b7Zao9	6789
G1M6L26qGvm9a4n	6791
Ie5XcavW	6797
qUUWa5etUQfd3bq	6806
r1n52aDk	6813
aseeiiN7dJyHpG	6816
ZU6rYnakk	6835
xmZaaid2oR	6839
FnL5da2Xe8Hthv	6841
QaQZRFu86AN8LN	6857
TaGhsmOKec8MrF	6859
aoDBHrc0hiD6	6868
LBntF6BQvwNDYa0	6872
8NvN5a2Swp	6892
K9jyoc5awbgie	6897
YltOHP7Iapd	6905
7LANaTP4YfHgW	6918
vaIYJzhfDa6r	6924
zSiuRaHx	6925
vEacC1C5hc	6930
jg4WffacK2	6939
OydXVfabK	6969
0v6Baj2Dgir5rV	6995
pdS19kczj1KaD	6996
6ahzZZiAHQx0KC	6999
a4NZiwH	7053
3PZaTG2Q	7054
Eab4CT0M5zHtlM	7057
goaf7o2bP	7058
Y1da50tJNF9WDc	7059
x0RanE4K	7074
scakAbJIk6YF	7080
CjE7oYdxCRqcDSa	7084
Uvq6m8aSUHP	7089
WhBatNPg	7097
Vxa29tknK	7102
Oaa6wVAcvrsy	7112
aIBosFw	7115
bIcgkbMcNm4aYLG	7117
H6yrra2	7124
oqcdTEtf2iaDlyT	7128
9WiAmaLQY	7130
YLRal4zhIEAoa	7134
jSRKyiaI	7186
DiPqCISUOqau4	7202
om4RaXWYV	7209
3PafxGp	7222
opqafvq58o	7232
mf32NJC83vvE1aI	7235
GPajkd70So9z	7240
1rNbHg5avm2wh	7264
RyDaWF9JpijJL	7268
oV5eaBcNEeMG	7276
QWfFnGDiaVsv58q	7281
ZI39aV0Ug	7285
0zldv9N8yza8	7288
2HvxaDJabLztNb	7296
OqadJ5R	7299
CPaml8IvhPpi	7311
Cl4al20m8F6V	7329
W4aehTJ7s37xbW	7331
kaBksZWeGA	7341
X4iYL74S4usa	7342
hth96aUCihA	7343
6eadDa65Rl7	7349
MrcptHqa	7351
C4zgWkQbaA	7369
9aJATnHwmGVg	7382
a2rytFUZ	7386
q6oXka8YtYP8	7387
JCL3S2DgFwig6Ya	7410
XclgaKvsBy	7412
u3CJHavwq3fd	7439
33TQwwLv45gF1a	7449
FjpplhQKc5aQJCB	7458
aWRVb4CMob	7459
hd2aaaw	7476
fbaUukEUwEiel	7487
